timestamp,price,volatility,log_returns
2025-05-05 21:27:00,29348.72,,
2025-05-05 21:32:00,30835.09,,0.04940439346157899
2025-05-05 21:37:00,28075.43,,-0.09375851057558594
2025-05-05 21:42:00,28333.0,,0.00913238642236097
2025-05-05 21:47:00,31805.88,,0.11562397530644421
2025-05-05 21:52:00,28846.84,,-0.09765072346092152
2025-05-05 21:57:00,27788.87,,-0.037364874073628325
2025-05-05 22:02:00,27210.31,,-0.021039635218489217
2025-05-05 22:07:00,27849.47,,0.02321799007103913
2025-05-05 22:12:00,30560.5,,0.09289438974945627
2025-05-05 22:17:00,29196.19,,-0.04567010411202342
2025-05-05 22:22:00,29907.84,,0.024082432075161916
2025-05-05 22:27:00,31246.02,0.23233511138789617,0.04377135468727807
2025-05-05 22:32:00,29487.25,0.23484788737115203,-0.057934041542299
2025-05-05 22:37:00,27732.8,0.22324102944098542,-0.06134213832422912
2025-05-05 22:42:00,30884.5,0.2484405562128043,0.10763861172335468
2025-05-05 22:47:00,29456.99,0.22298511622951153,-0.04732320655094122
2025-05-05 22:52:00,27302.34,0.21418190882906718,-0.07595882057395335
2025-05-05 22:57:00,30791.36,0.24381725247772304,0.12026171834269124
2025-05-05 23:02:00,28421.31,0.258354262622841,-0.08009491523962621
2025-05-05 23:07:00,31451.19,0.2760081719045689,0.10129760436202051
2025-05-05 23:12:00,28483.2,0.27996314553833335,-0.099122380485979
2025-05-05 23:17:00,28463.43,0.2765795782680669,-0.0006943343546144708
2025-05-05 23:22:00,31131.77,0.2907503540212285,0.08960873574529232
2025-05-05 23:27:00,28441.93,0.30115812943143394,-0.09036437637468223
2025-05-05 23:32:00,27276.22,0.29865829585916503,-0.04184920447380918
2025-05-05 23:37:00,29515.5,0.3034509300397135,0.07890028876321079
2025-05-05 23:42:00,31249.35,0.2886834191697059,0.05708302687821485
2025-05-05 23:47:00,29297.99,0.292302086232261,-0.06447966297879414
2025-05-05 23:52:00,28925.21,0.281113320071646,-0.012805379778333195
2025-05-05 23:57:00,29340.58,0.2521113325241389,0.014258007544978682
2025-05-06 00:02:00,28991.44,0.2385245285721476,-0.01197092675320933
2025-05-06 00:07:00,28404.26,0.21271714144270606,-0.02046148008244438
2025-05-06 00:12:00,27011.24,0.1948760284499703,-0.05028605824492195
2025-05-06 00:17:00,31377.25,0.24871350450170554,0.14983003235473025
2025-05-06 00:22:00,31898.95,0.23281971255849268,0.016489985860481535
2025-05-06 00:27:00,27005.25,0.27452547254232984,-0.16654180234167223
2025-05-06 00:32:00,30610.51,0.29936507754291025,0.12531212249344464
2025-05-06 00:37:00,27112.85,0.3153454313539987,-0.12133562879594245
2025-05-06 00:42:00,28141.61,0.311542866042762,0.037241478735531894
2025-05-06 00:47:00,28738.13,0.3065403499444332,0.02097554844409969
2025-05-06 00:52:00,30465.44,0.3119195622121196,0.05836811397534164
2025-05-06 00:57:00,28328.05,0.32089996325995657,-0.07274044655320841
2025-05-06 01:02:00,31569.51,0.33923036931330436,0.10833930153897595
2025-05-06 01:07:00,27370.87,0.3706397311265097,-0.14271247221004757
2025-05-06 01:12:00,28577.66,0.3694347250453609,0.043145984537277936
2025-05-06 01:17:00,30430.09,0.34131938059888145,0.06280662779975413
2025-05-06 01:22:00,31675.73,0.343568112658456,0.040118850996197525
2025-05-06 01:27:00,30852.75,0.29483739321649083,-0.026324885124891922
2025-05-06 01:32:00,28408.12,0.27989017593557625,-0.08255086758936295
2025-05-06 01:37:00,29426.49,0.25204815789667206,0.035220269283501186
2025-05-06 01:42:00,31974.87,0.26204501263580415,0.0830549927027578
2025-05-06 01:47:00,27794.87,0.30163037012123933,-0.1400988104860346
2025-05-06 01:52:00,27552.4,0.294161635645413,-0.008761825152039203
2025-05-06 01:57:00,27803.38,0.2858934670006795,0.009067949897564846
2025-05-06 02:02:00,27747.96,0.25971761575071534,-0.0019952720631436632
2025-05-06 02:07:00,31363.2,0.24784323566012872,0.12247290711604454
2025-05-06 02:12:00,27170.66,0.28863911699762423,-0.14349751645152528
2025-05-06 02:17:00,31601.66,0.32250390642903465,0.15107193621749898
2025-05-06 02:22:00,29389.16,0.32805437916643726,-0.07258375198637136
2025-05-06 02:27:00,31903.55,0.3385611877180028,0.08209138999318456
2025-05-06 02:32:00,29132.56,0.340939955184031,-0.09086083984687084
2025-05-06 02:37:00,27619.08,0.3430511697004491,-0.053349610788491826
2025-05-06 02:42:00,28972.54,0.3348689340295373,0.04784164661486119
2025-05-06 02:47:00,31296.6,0.3111657714111637,0.07716098060276262
2025-05-06 02:52:00,31738.65,0.31050952319306185,0.01402571566464877
2025-05-06 02:57:00,29312.38,0.3237136337165764,-0.0795252287309331
2025-05-06 03:02:00,29092.65,0.3238800548427769,-0.007524387426651323
2025-05-06 03:07:00,31062.49,0.3056349191964419,0.06551541697037018
2025-05-06 03:12:00,28658.12,0.2788907121316373,-0.08056415832711855
2025-05-06 03:17:00,31959.02,0.257088602663377,0.10901763350069536
2025-05-06 03:22:00,31876.04,0.24447135567721495,-0.0025998267014760066
2025-05-06 03:27:00,27819.79,0.26742875139152616,-0.13610699245674046
2025-05-06 03:32:00,28551.77,0.25478698114196746,0.025971292737122367
2025-05-06 03:37:00,28183.5,0.248987955839424,-0.012982230358138983
2025-05-06 03:42:00,27660.02,0.2443836860702838,-0.018748651017400083
2025-05-06 03:47:00,28343.61,0.23060998712303324,0.024413558640532334
2025-05-06 03:52:00,31825.75,0.26173660044432145,0.11587410260173842
2025-05-06 03:57:00,31891.6,0.2469122327118077,0.0020669416868076594
2025-05-06 04:02:00,31167.03,0.2483855048836532,-0.02298184691863714
2025-05-06 04:07:00,28055.32,0.2618601329731255,-0.10518253000824702
2025-05-06 04:12:00,27187.04,0.2515121641671473,-0.03143788613880828
2025-05-06 04:17:00,30583.84,0.2559109365551388,0.11773137572129999
2025-05-06 04:22:00,27487.66,0.2758484988796526,-0.10673458819524836
2025-05-06 04:27:00,27925.6,0.2411407641960151,0.01580665415639861
2025-05-06 04:32:00,31912.05,0.27516149706097137,0.13343985056261598
2025-05-06 04:37:00,30169.91,0.2822618873212747,-0.05613861133987224
2025-05-06 04:42:00,31864.67,0.2848649163357048,0.054652802451724575
2025-05-06 04:47:00,31892.85,0.28469936843326366,0.0008839742146499133
2025-05-06 04:52:00,30248.57,0.26550604585773574,-0.052932936104917165
2025-05-06 04:57:00,28450.28,0.2713603662119084,-0.06129090828050974
2025-05-06 05:02:00,27534.77,0.2720603521234697,-0.03270843267738514
2025-05-06 05:07:00,30790.41,0.2760091978836934,0.11175370818515147
2025-05-06 05:12:00,27556.93,0.2988340338083289,-0.11094923124234052
2025-05-06 05:17:00,30857.87,0.2969077580541533,0.11313777654891738
2025-05-06 05:22:00,30669.09,0.2732841254505053,-0.006136516168012643
2025-05-06 05:27:00,30914.54,0.2731874938664239,0.007971316393493999
2025-05-06 05:32:00,29433.57,0.2412077579107698,-0.049090763711922114
2025-05-06 05:37:00,29356.49,0.23511048826843287,-0.0026222134887039176
2025-05-06 05:42:00,30917.36,0.2343741137459892,0.05180419225311358
2025-05-06 05:47:00,27131.92,0.26691938235744395,-0.1306069439123435
2025-05-06 05:52:00,31986.45,0.3159722824099958,0.1646014810931071
2025-05-06 05:57:00,31661.14,0.30838061200757044,-0.010222314239600972
2025-05-06 06:02:00,27710.11,0.33815597858517243,-0.13329273283211013
2025-05-06 06:07:00,29743.19,0.3257127716859479,0.07080286967223667
2025-05-06 06:12:00,27543.92,0.3149704212760769,-0.07681837663707282
2025-05-06 06:17:00,28105.58,0.291365162094217,0.020186311550244026
2025-05-06 06:22:00,30119.29,0.30139659235225774,0.06919769713825212
2025-05-06 06:27:00,30036.29,0.3012194096341872,-0.002759513005104528
2025-05-06 06:32:00,29248.87,0.29823804375107826,-0.026565376818617932
2025-05-06 06:37:00,29490.11,0.2983517400423188,0.008214012445241137
2025-05-06 06:42:00,29888.63,0.29356507076882027,0.013423187619849005
2025-05-06 06:47:00,31985.57,0.2650077918496114,0.06780672307876684
2025-05-06 06:52:00,31679.31,0.20791146143365163,-0.009621077190835856
2025-05-06 06:57:00,30211.99,0.21301568945368063,-0.04742492094916071
2025-05-06 07:02:00,28553.02,0.17202031494659176,-0.05647615561455904
2025-05-06 07:07:00,27011.49,0.16346385868099764,-0.0555003788054807
2025-05-06 07:12:00,27531.23,0.14670674933533914,0.01905866565216996
2025-05-06 07:17:00,29637.78,0.16356140850456094,0.07372890214843696
2025-05-06 07:22:00,28294.96,0.15419213970909626,-0.04636620192124721
2025-05-06 07:27:00,28364.55,0.15437057107153163,0.0024564291146331194
2025-05-06 07:32:00,29871.45,0.16199133868017965,0.051763048708339296
2025-05-06 07:37:00,31211.81,0.16738280577294268,0.04389337409457321
2025-05-06 07:42:00,27655.61,0.20863494611673764,-0.12096794813620296
2025-05-06 07:47:00,28976.89,0.2013700211819408,0.04667001504640137
2025-05-06 07:52:00,27563.25,0.20567931706423068,-0.0500152520226947
2025-05-06 07:57:00,27756.83,0.20251364303545066,0.006998572313294666
2025-05-06 08:02:00,30865.48,0.22344499577641247,0.10615647128608904
2025-05-06 08:07:00,29381.01,0.2216444407088843,-0.049289860038444086
2025-05-06 08:12:00,27358.24,0.2343497340485636,-0.07133078408228048
2025-05-06 08:17:00,31569.66,0.26644810484193365,0.1431787695939514
2025-05-06 08:22:00,30105.65,0.2666865525439361,-0.047483671012668524
2025-05-06 08:27:00,28702.39,0.2719148543732509,-0.047732467221443774
2025-05-06 08:32:00,30462.43,0.2735990098727444,0.059513726481714116
2025-05-06 08:37:00,28312.43,0.2788721420170021,-0.07319319020740606
2025-05-06 08:42:00,28598.19,0.2503560785750667,0.010042498275816191
2025-05-06 08:47:00,27692.4,0.24768400555479514,-0.032185421793434775
2025-05-06 08:52:00,30925.59,0.2662768777124987,0.11042598919568558
2025-05-06 08:57:00,31257.11,0.26626316101679925,0.010662873791578065
2025-05-06 09:02:00,31104.48,0.24475582805693755,-0.004895010045940106
2025-05-06 09:07:00,27849.04,0.2652035466109705,-0.11055336485556412
2025-05-06 09:12:00,28194.7,0.2551989889953347,0.012335521615952126
2025-05-06 09:17:00,28981.09,0.20737730445386082,0.027509531313416578
2025-05-06 09:22:00,29096.14,0.20278667501180636,0.003961970999546714
2025-05-06 09:27:00,29249.37,0.19682575187447843,0.00525251565329918
2025-05-06 09:32:00,28653.25,0.18716474976544573,-0.020591160211855742
2025-05-06 09:37:00,31130.09,0.19028273494660733,0.08290800077865337
2025-05-06 09:42:00,27609.02,0.2291739350113942,-0.12003234462513811
2025-05-06 09:47:00,27448.19,0.22700961812181641,-0.005842303213717728
2025-05-06 09:52:00,28404.1,0.19712666031060488,0.03423327323223393
2025-05-06 09:57:00,30526.39,0.21214620412116625,0.07205805446100556
2025-05-06 10:02:00,28579.0,0.22162865925244016,-0.06591937301912697
2025-05-06 10:07:00,30146.04,0.19742236305754546,0.05338138887690254
2025-05-06 10:12:00,31653.24,0.2018912544209815,0.04878694175568675
2025-05-06 10:17:00,30853.6,0.20373868052778965,-0.02558707579670334
2025-05-06 10:22:00,28385.31,0.22221076717720598,-0.08338167939802886
2025-05-06 10:27:00,30370.02,0.23293237829657568,0.06758417977777446
2025-05-06 10:32:00,28506.91,0.24144053520654965,-0.06330942357484116
2025-05-06 10:37:00,30751.62,0.23885356913495692,0.07579616176444362
2025-05-06 10:42:00,27079.85,0.24279755008743145,-0.1271527669062056
2025-05-06 10:47:00,30382.53,0.26917738268634134,0.11507786328739276
2025-05-06 10:52:00,27741.64,0.28475562000557453,-0.09093323862995424
2025-05-06 10:57:00,31669.99,0.3073800894126539,0.13243501125136994
2025-05-06 11:02:00,27126.5,0.34026310803560383,-0.15485843492343151
2025-05-06 11:07:00,29554.7,0.34770694116979406,0.0857316737872445
2025-05-06 11:12:00,28144.44,0.34596557415949647,-0.04889296190219311
2025-05-06 11:17:00,29145.66,0.34823997247347566,0.03495619487894866
2025-05-06 11:22:00,28225.13,0.33926693065591246,-0.03209330076383092
2025-05-06 11:27:00,28746.92,0.33198478661660275,0.018317915198701625
2025-05-06 11:32:00,31578.88,0.3388128814528052,0.09395791164439518
2025-05-06 11:37:00,30701.1,0.3321832048422713,-0.028190058143954467
2025-05-06 11:42:00,29648.3,0.3054342767183033,-0.03489369635194306
2025-05-06 11:47:00,30204.04,0.282776972264843,0.018570902050006128
2025-05-06 11:52:00,27301.03,0.286464246295263,-0.10105125985128138
2025-05-06 11:57:00,29668.88,0.2647850826298484,0.08317425460573417
2025-05-06 12:02:00,30491.28,0.20954663708584823,0.02734205607369778
2025-05-06 12:07:00,30866.99,0.19268286296949,0.012246586994790608
2025-05-06 12:12:00,30807.64,0.18425887655768178,-0.0019246169233641344
2025-05-06 12:17:00,31081.13,0.1818539531012078,0.008838171457093494
2025-05-06 12:22:00,27850.63,0.21318013689901025,-0.10974529532251903
2025-05-06 12:27:00,27888.89,0.21216625758838442,0.0013728143338439139
2025-05-06 12:32:00,27913.46,0.18461943193537417,0.0008806081316567783
2025-05-06 12:37:00,30358.38,0.20562247259365762,0.08396358165209844
2025-05-06 12:42:00,27973.11,0.21899993912968507,-0.08182889982598435
2025-05-06 12:47:00,30464.85,0.2362808792720591,0.08532986841144972
2025-05-06 12:52:00,29536.38,0.21255049894843336,-0.03095083611227028
2025-05-06 12:57:00,27966.04,0.2028108581954416,-0.05463180696728366
2025-05-06 13:02:00,29140.39,0.2056537677072398,0.04113426741669615
2025-05-06 13:07:00,29541.63,0.2057801221873922,0.01367527065608075
2025-05-06 13:12:00,28031.96,0.21144213442876478,-0.052455167186320754
2025-05-06 13:17:00,27483.2,0.21091097933472916,-0.019770378911699634
2025-05-06 13:22:00,31754.03,0.23220137445016248,0.14444473751711412
2025-05-06 13:27:00,29052.71,0.25288472765829206,-0.08890788003536382
2025-05-06 13:32:00,28945.35,0.2529761808232492,-0.003702197026084547
2025-05-06 13:37:00,29069.47,0.2372231575156061,0.0042789131941476785
2025-05-06 13:42:00,29354.39,0.22143584278181308,0.009753626644198793
2025-05-06 13:47:00,31038.09,0.21133796636279967,0.055773050721963445
2025-05-06 13:52:00,31412.02,0.20847574280683834,0.011975462295176409
2025-05-06 13:57:00,27545.21,0.24362791795650832,-0.13136196742797493
2025-05-06 14:02:00,30633.0,0.26385209301177087,0.10624920445770948
2025-05-06 14:07:00,31591.93,0.2650809564275483,0.030823848989559997
2025-05-06 14:12:00,28560.49,0.2806157544609233,-0.100877414044119
2025-05-06 14:17:00,28134.58,0.2802622086120127,-0.015024869438724144
2025-05-06 14:22:00,30541.2,0.2510915547494213,0.08207716700116473
2025-05-06 14:27:00,28306.26,0.2465766952810016,-0.07599361014819811
2025-05-06 14:32:00,31304.42,0.26710633431308184,0.10067632003265498
2025-05-06 14:37:00,28228.19,0.2889249258904439,-0.10343817761243376
2025-05-06 14:42:00,30388.47,0.298790104400515,0.07374213613151798
2025-05-06 14:47:00,28140.8,0.3025883211910752,-0.07684277958863392
2025-05-06 14:52:00,29584.04,0.3076984082228876,0.05001454616176247
2025-05-06 14:57:00,29507.43,0.2752403709851276,-0.002592930686022735
2025-05-06 15:02:00,31930.6,0.265539381816071,0.07892270161564445
2025-05-06 15:07:00,27692.96,0.3002845301753508,-0.14238656838893668
2025-05-06 15:12:00,27878.95,0.2839764974568754,0.00669369451034207
2025-05-06 15:17:00,31190.81,0.30533349287755046,0.11225157636754748
2025-05-06 15:22:00,31489.11,0.2947204436749544,0.009518271628276585
2025-05-06 15:27:00,31641.27,0.2820330289020244,0.004820509385464887
2025-05-06 15:32:00,27330.78,0.3022168862433733,-0.1464487415597994
2025-05-06 15:37:00,31179.99,0.31524383501305364,0.13176300331259153
2025-05-06 15:42:00,29852.92,0.31045222825158647,-0.0434938854113011
2025-05-06 15:47:00,29139.53,0.3008244258869192,-0.02418698589514234
2025-05-06 15:52:00,29016.49,0.29641603717339854,-0.004231382532083705
2025-05-06 15:57:00,30141.63,0.2990434294281536,0.038042983618925295
2025-05-06 16:02:00,29322.48,0.28782135918075363,-0.027552815348360318
2025-05-06 16:07:00,27377.92,0.2578928028430081,-0.06861760822836062
2025-05-06 16:12:00,31731.05,0.29782877374416716,0.1475588476440526
2025-05-06 16:17:00,29867.52,0.28337990633313237,-0.06052409442570871
2025-05-06 16:22:00,30784.38,0.2851787704936203,0.030235816148761523
2025-05-06 16:27:00,29122.01,0.2899728141044063,-0.055513172810289446
2025-05-06 16:32:00,29042.13,0.24695332005150167,-0.002746711297397321
2025-05-06 16:37:00,28186.3,0.205988414800332,-0.029911490079668965
2025-05-06 16:42:00,27490.37,0.2033658914372241,-0.025000282768223688
2025-05-06 16:47:00,28329.68,0.20555269420285815,0.030074256805734795
2025-05-06 16:52:00,30080.72,0.21473372597947088,0.05997441663327836
2025-05-06 16:57:00,28292.91,0.21995722568614212,-0.06127319173942191
2025-05-06 17:02:00,31036.76,0.23868423977268316,0.09256106519763253
2025-05-06 17:07:00,29277.69,0.23543971404200376,-0.058346515885360536
2025-05-06 17:12:00,29282.18,0.17748688694663917,0.000153347335258868
2025-05-06 17:17:00,28858.58,0.16797658002212282,-0.014571790787483146
2025-05-06 17:22:00,29109.47,0.16469181531830274,0.008656201703987709
2025-05-06 17:27:00,29251.93,0.15514588319335826,0.004882003617072523
2025-05-06 17:32:00,27315.09,0.16982894199872264,-0.06850625767190345
2025-05-06 17:37:00,29654.79,0.1879929297797735,0.0821843670939277
2025-05-06 17:42:00,27101.35,0.20909274304971268,-0.09004012168603703
2025-05-06 17:47:00,29475.33,0.2242780817620917,0.08397010014645452
2025-05-06 17:52:00,27000.93,0.23204763392632188,-0.08768233243393664
2025-05-06 17:57:00,31846.39,0.2815270101204228,0.1650527219396431
2025-05-06 18:02:00,30218.57,0.27225314797004163,-0.05246739572609426
2025-05-06 18:07:00,31088.35,0.2665031663845448,0.028376514865938847
2025-05-06 18:12:00,29940.34,0.2699088761473219,-0.037626415962637855
2025-05-06 18:17:00,29558.85,0.2697984626312057,-0.012823543573425368
2025-05-06 18:22:00,28597.41,0.2718932235503794,-0.03306703711450807
2025-05-06 18:27:00,27777.74,0.27314477184772196,-0.02908117375939148
2025-05-06 18:32:00,30287.02,0.27734668175106336,0.08648425736979634
2025-05-06 18:37:00,30054.71,0.2656519444549063,-0.007699850427200809
2025-05-06 18:42:00,29754.23,0.24710387350333124,-0.01004808070942075
2025-05-06 18:47:00,28138.98,0.23950797944977043,-0.055815503063739544
2025-05-06 18:52:00,28876.19,0.22246889785938895,0.025861576419435817
2025-05-06 18:57:00,30551.76,0.15328881720616072,0.05640491431884284
2025-05-06 19:02:00,28726.06,0.15671503431370645,-0.061617569725234356
2025-05-06 19:07:00,29599.78,0.15708244180111836,0.029962204162379585
2025-05-06 19:12:00,29171.8,0.1533598296305683,-0.014564439660685555
2025-05-06 19:17:00,27198.6,0.16769872454992843,-0.07003698782021599
2025-05-06 19:22:00,29579.63,0.18745346568994103,0.08392044736370576
2025-05-06 19:27:00,29900.87,0.18426612175785972,0.01080162821053219
2025-05-06 19:32:00,28881.68,0.1655128566697153,-0.034680092885430606
2025-05-06 19:37:00,27029.74,0.17692636048636556,-0.06626974277768989
2025-05-06 19:42:00,29158.72,0.19608499938733148,0.0758162691292339
2025-05-06 19:47:00,29977.66,0.18857524706484313,0.027698427164131855
2025-05-06 19:52:00,30758.17,0.18855645224780285,0.025703212426275816
2025-05-06 19:57:00,29308.12,0.18663391827820525,-0.048291039285281334
2025-05-06 20:02:00,29080.89,0.17578318516865757,-0.007783353310589525
2025-05-06 20:07:00,29020.56,0.17292565932676912,-0.002076713117565319
2025-05-06 20:12:00,31134.68,0.18632221965459023,0.07031776614282872
2025-05-06 20:17:00,30119.88,0.17321103248504083,-0.03313689158920035
2025-05-06 20:22:00,29938.63,0.15261677601782966,-0.006035799098499415
2025-05-06 20:27:00,28360.65,0.16162303637583506,-0.05414699875515774
2025-05-06 20:32:00,28112.71,0.15837337525376186,-0.008780833762159638
2025-05-06 20:37:00,27094.03,0.14779364156633157,-0.03690837883004386
2025-05-06 20:42:00,31425.45,0.1976285744437708,0.14830466576870213
2025-05-06 20:47:00,28319.62,0.22416274524754132,-0.10406322352645321
2025-05-06 20:52:00,28855.84,0.2232393661125748,0.01875754815541538
2025-05-06 20:57:00,28066.5,0.21984354258174127,-0.027735704491555428
2025-05-06 21:02:00,30747.48,0.23923406534730987,0.09123134535457046
2025-05-06 21:07:00,27850.41,0.2608447757346936,-0.09896035168638165
2025-05-06 21:12:00,29486.12,0.25706837494473034,0.05707195615890486
2025-05-06 21:17:00,30774.68,0.2590542379111798,0.042772629818738445
2025-05-06 21:22:00,30602.1,0.259040978693492,-0.005623639911531869
2025-05-06 21:27:00,27624.31,0.2744401883414365,-0.10237245190414822
2025-05-06 21:32:00,30467.0,0.29184619751433394,0.09794794850076886
2025-05-06 21:37:00,27132.96,0.31452919122172773,-0.11589490561921353
2025-05-06 21:42:00,28712.28,0.27872148756972603,0.05657568078585002
2025-05-06 21:47:00,29928.66,0.2611774334394764,0.04149164391189098
2025-05-06 21:52:00,28333.22,0.2671159219364054,-0.05478158191550083
2025-05-06 21:57:00,28956.89,0.26640303882953703,0.021773204433880967
2025-05-06 22:02:00,27984.44,0.24989277065099044,-0.03415953082501055
2025-05-06 22:07:00,29902.6,0.23854613211229783,0.06629679171480352
2025-05-06 22:12:00,31696.97,0.23883055049365753,0.05827565958073685
2025-05-06 22:17:00,28655.16,0.2572161109559711,-0.10088756106273344
2025-05-06 22:22:00,30006.94,0.26243361157706985,0.04609515658617508
2025-05-06 22:27:00,28058.05,0.24974195234811994,-0.06715310992411375
2025-05-06 22:32:00,28273.26,0.22689904841872086,0.007640903329131546
2025-05-06 22:37:00,27965.97,0.19335278522276786,-0.010928067760166848
2025-05-06 22:42:00,29981.52,0.19771185700807653,0.06959277796929439
2025-05-06 22:47:00,27322.48,0.2145614729318768,-0.09287138528521885
2025-05-06 22:52:00,29000.53,0.2175861818361457,0.05960429911055578
2025-05-06 22:57:00,28711.98,0.21674493457350436,-0.009999648409339437
2025-05-06 23:02:00,28955.02,0.21373769649827612,0.008429134132302691
2025-05-06 23:07:00,27404.45,0.20882370097071878,-0.055038182438230866
2025-05-06 23:12:00,29444.44,0.21383239113820074,0.07179968874032125
2025-05-06 23:17:00,30016.01,0.18794208943517562,0.019225808272813828
2025-05-06 23:22:00,27695.2,0.19919871906211384,-0.0804717930002867
2025-05-06 23:27:00,29722.58,0.2012159069401601,0.07064791333144867
2025-05-06 23:32:00,29276.01,0.20215262282128763,-0.015138616994930316
2025-05-06 23:37:00,30824.37,0.20708067331079047,0.05153720156970533
2025-05-06 23:42:00,31550.54,0.1970149081536056,0.023285093644786745
2025-05-06 23:47:00,27788.46,0.21726286352196336,-0.12696987792835063
2025-05-06 23:52:00,27928.76,0.2079717810566889,0.0050361556636896445
2025-05-06 23:57:00,29453.86,0.21516679710615466,0.053167988852761035
2025-05-07 00:02:00,30373.45,0.21702899483325028,0.030743900433881862
2025-05-07 00:07:00,28582.99,0.21879388486328002,-0.060757085908122836
2025-05-07 00:12:00,28030.83,0.20640528169993497,-0.01950680977476428
2025-05-07 00:17:00,28524.06,0.20619307743597418,0.017442965786414088
2025-05-07 00:22:00,31472.53,0.2115587626609888,0.09836716021530417
2025-05-07 00:27:00,29471.73,0.21330346002313846,-0.06568360307779865
2025-05-07 00:32:00,27680.16,0.22194610018432323,-0.0627155877135634
2025-05-07 00:37:00,31533.28,0.25520687001238734,0.13032758497678518
2025-05-07 00:42:00,30240.67,0.2575534448506104,-0.04185578890582283
2025-05-07 00:47:00,31073.3,0.2204093251838083,0.02716122239419035
2025-05-07 00:52:00,28866.74,0.2355994564441519,-0.07365886223197886
2025-05-07 00:57:00,30290.37,0.23447664877313584,0.04813977290434144
2025-05-07 01:02:00,29342.93,0.23454813918521275,-0.03177820882095897
2025-05-07 01:07:00,28047.03,0.23084034537759918,-0.045168887386307865
2025-05-07 01:12:00,29170.66,0.23333140501318,0.03928066559943583
2025-05-07 01:17:00,27973.43,0.23693349207516226,-0.041908278523238064
2025-05-07 01:22:00,28999.76,0.21546215571713617,0.03603242300413011
2025-05-07 01:27:00,31243.77,0.21926299436939406,0.07453244221740425
2025-05-07 01:32:00,31910.13,0.20674324090653115,0.02110351793229642
2025-05-07 01:37:00,28693.06,0.19380782557635304,-0.1062682325621735
2025-05-07 01:42:00,29032.76,0.19094576038353145,0.011769565900915248
2025-05-07 01:47:00,29198.76,0.18838798270075732,0.005701395040513407
2025-05-07 01:52:00,30296.56,0.17662586857057277,0.036907932097900595
2025-05-07 01:57:00,27893.85,0.18897485144039936,-0.08262794029551025
2025-05-07 02:02:00,31421.49,0.22421477777019297,0.11908581930576882
2025-05-07 02:07:00,31637.0,0.21726607847083756,0.0068352679890548015
2025-05-07 02:12:00,27546.03,0.25972731382214287,-0.13846889813443808
2025-05-07 02:17:00,28055.63,0.2573064890738843,0.01833090125912966
2025-05-07 02:22:00,28365.68,0.2547123672041161,0.01099063885657282
2025-05-07 02:27:00,31175.74,0.2619087564717298,0.09446026455551355
2025-05-07 02:32:00,27301.0,0.2917420798440681,-0.1327168966964271
2025-05-07 02:37:00,27915.77,0.2747337576857083,0.022268430561561376
2025-05-07 02:42:00,28111.09,0.2745077588866809,0.006972398284634489
2025-05-07 02:47:00,27164.8,0.2760775796256084,-0.03424214284136498
2025-05-07 02:52:00,30789.46,0.30380402803081963,0.12525040605936114
2025-05-07 02:57:00,29004.16,0.29770191126609796,-0.0597331556462568
2025-05-07 03:02:00,28207.48,0.2703369103342751,-0.02785207697568924
2025-05-07 03:07:00,28512.18,0.27061468627840674,0.010744173400857438
2025-05-07 03:12:00,27978.41,0.23166003010911512,-0.01889822308162798
2025-05-07 03:17:00,27295.4,0.23220595408959616,-0.024714951493151623
2025-05-07 03:22:00,27225.47,0.23175546263202082,-0.0025652576104575023
2025-05-07 03:27:00,28331.17,0.21219424599681236,0.039809679751448876
2025-05-07 03:32:00,30217.02,0.17389000581215458,0.06444272982436708
2025-05-07 03:37:00,30771.43,0.17358362828486412,0.018181320301866217
2025-05-07 03:42:00,29390.53,0.18182477715004441,-0.04591414847932695
2025-05-07 03:47:00,31842.29,0.19149379918731216,0.08012276688756186
2025-05-07 03:52:00,30367.53,0.15584151845876326,-0.04742133501041681
2025-05-07 03:57:00,27594.08,0.17375825267508804,-0.09577268852742667
2025-05-07 04:02:00,27728.57,0.1719610546490813,0.004862032637194181
2025-05-07 04:07:00,27649.47,0.17144798988084894,-0.0028567299887813083
2025-05-07 04:12:00,30920.25,0.20449601800191286,0.11180474945713119
2025-05-07 04:17:00,27657.68,0.2358167068760409,-0.11150786198199271
2025-05-07 04:22:00,31289.01,0.26544464337792956,0.12336347059264088
2025-05-07 04:27:00,31316.54,0.26377967928496815,0.0008794747997418218
2025-05-07 04:32:00,31159.26,0.2567171514953356,-0.005034920153383577
2025-05-07 04:37:00,28706.96,0.2692964828027287,-0.08197187024927857
2025-05-07 04:42:00,28882.6,0.26584252064230496,0.006099735597313605
2025-05-07 04:47:00,27961.06,0.25161027409977976,-0.032426509724352064
2025-05-07 04:52:00,31962.54,0.28577629565943724,0.13375176413423023
2025-05-07 04:57:00,29633.81,0.27871253208038815,-0.07564865287139137
2025-05-07 05:02:00,29711.63,0.27873100225808456,0.002622612440128395
2025-05-07 05:07:00,28529.11,0.2825350923705317,-0.04061358214608208
2025-05-07 05:12:00,30779.91,0.2693832941495291,0.07593723492411093
2025-05-07 05:17:00,30451.33,0.24143065383754184,-0.010732533066887597
2025-05-07 05:22:00,30624.61,0.20620797310232955,0.005674262726964131
2025-05-07 05:27:00,31425.19,0.2080580569312611,0.025805866509713688
2025-05-07 05:32:00,27897.34,0.24003895090194122,-0.11907845681930693
2025-05-07 05:37:00,27768.92,0.22654574868535246,-0.004613934107344447
2025-05-07 05:42:00,27752.37,0.22635868200763948,-0.0005961677219739206
2025-05-07 05:47:00,29508.47,0.23254910697670952,0.06135609882815725
2025-05-07 05:52:00,27316.31,0.19769775449918708,-0.07719338108459887
2025-05-07 05:57:00,27410.59,0.1858617974219683,0.0034454753793410242
2025-05-07 06:02:00,29085.38,0.1971946301264371,0.059306207357321374
2025-05-07 06:07:00,30894.95,0.20130754359102485,0.06035709769554563
2025-05-07 06:12:00,31932.47,0.1894159127497582,0.03303062032585302
2025-05-07 06:17:00,31066.44,0.19147829515113787,-0.027495223593154563
2025-05-07 06:22:00,31461.57,0.1917637556937805,0.012638664166270519
2025-05-07 06:27:00,31718.85,0.19020368260240286,0.008144340354800631
2025-05-07 06:32:00,28366.39,0.18521323552926716,-0.11170614774838769
2025-05-07 06:37:00,28454.32,0.18510104283144863,0.003095000755545902
2025-05-07 06:42:00,30739.89,0.1996940963499603,0.07726116531685848
2025-05-07 06:47:00,28871.09,0.20240880479562223,-0.06272041128695317
2025-05-07 06:52:00,27683.96,0.1908379410388525,-0.04198756431694932
2025-05-07 06:57:00,30595.39,0.21501691165654718,0.09999615991350586
2025-05-07 07:02:00,30314.84,0.20839972342966076,-0.009211982419628836
2025-05-07 07:07:00,28498.24,0.20781025535727196,-0.0617950306127829
2025-05-07 07:12:00,31549.69,0.23208267612322697,0.10172143228365647
2025-05-07 07:17:00,28907.42,0.2468296820269197,-0.08746545369615957
2025-05-07 07:22:00,27016.08,0.253194825592271,-0.06766606528220095
2025-05-07 07:27:00,27700.36,0.2552628960833242,0.02501316521167693
2025-05-07 07:32:00,27719.96,0.23057970566582328,0.0007073218204861639
2025-05-07 07:37:00,30310.72,0.24809407209349463,0.08934871400481566
2025-05-07 07:42:00,31389.74,0.23811104885535317,0.03497964260288395
2025-05-07 07:47:00,27632.92,0.26456979263086894,-0.12747327234610553
2025-05-07 07:52:00,29343.71,0.26809870372261396,0.060070397674505116
2025-05-07 07:57:00,28887.17,0.2474773311258419,-0.015680661346204473
2025-05-07 08:02:00,28758.04,0.24743027878057733,-0.00448017158722121
2025-05-07 08:07:00,30745.9,0.24831100970075098,0.0668392717076226
2025-05-07 08:12:00,29101.6,0.23151003512192195,-0.054963496545698
2025-05-07 08:17:00,31378.95,0.2267713598782845,0.07534413045818567
2025-05-07 08:22:00,28909.45,0.2322815884230151,-0.08196875465369276
2025-05-07 08:27:00,30468.95,0.2363803430931365,0.052539600990831783
2025-05-07 08:32:00,28830.15,0.24473330903994686,-0.05528641772873377
2025-05-07 08:37:00,28481.3,0.22613049415718794,-0.012173982980966667
2025-05-07 08:42:00,27544.15,0.22320606224739697,-0.033457559715923325
2025-05-07 08:47:00,27807.9,0.18369126839699343,0.009529981135541502
2025-05-07 08:52:00,28756.29,0.1760663768160464,0.03353637293357163
2025-05-07 08:57:00,27634.75,0.1797671625552819,-0.03978248717732874
2025-05-07 09:02:00,28546.27,0.18334900091145784,0.032452240835536626
2025-05-07 09:07:00,27951.88,0.16854092956714556,-0.02104181927219352
2025-05-07 09:12:00,28329.53,0.16145072629119572,0.013420263209080982
2025-05-07 09:17:00,29943.18,0.15194616403847375,0.05539686225846624
2025-05-07 09:22:00,29654.15,0.12649583728852834,-0.009699503853634958
2025-05-07 09:27:00,29205.97,0.11462425222027904,-0.015228941490999175
2025-05-07 09:32:00,29567.37,0.10037046092538657,0.012298247982540844
2025-05-07 09:37:00,27699.14,0.12061293822848965,-0.0652700226341794
2025-05-07 09:42:00,30666.27,0.1537713283488413,0.10176198773474802
2025-05-07 09:47:00,30721.78,0.1539332135592746,0.0018084957945238198
2025-05-07 09:52:00,30457.79,0.15215815837247318,-0.00863005864375861
2025-05-07 09:57:00,27793.14,0.17568974594233172,-0.09155256300966633
2025-05-07 10:02:00,31538.15,0.21505730929943925,0.12640869648348219
2025-05-07 10:07:00,29749.4,0.22368694695181646,-0.0583889604182144
2025-05-07 10:12:00,29101.37,0.22506876089018626,-0.022023711613969318
2025-05-07 10:17:00,31292.68,0.2301020031216943,0.07259895227347272
2025-05-07 10:22:00,27657.3,0.26309027775261973,-0.12349449679133337
2025-05-07 10:27:00,31008.71,0.28870555676737863,0.11437842517383402
2025-05-07 10:32:00,27843.41,0.3095659665272558,-0.10767181916538741
2025-05-07 10:37:00,28423.81,0.3031755394369029,0.020630860606755744
2025-05-07 10:42:00,29428.5,0.2860788887156855,0.03473641834244999
2025-05-07 10:47:00,31685.06,0.29641179566576836,0.07388168386735519
2025-05-07 10:52:00,31787.66,0.2961599588369557,0.0032328877464475273
2025-05-07 10:57:00,30700.59,0.2813429589284087,-0.034796291511133094
2025-05-07 11:02:00,30270.88,0.25037129619934295,-0.014095678350331695
2025-05-07 11:07:00,28682.45,0.2493343666356198,-0.05390075683277212
2025-05-07 11:12:00,29730.75,0.25124456715423776,0.03589642626877839
2025-05-07 11:17:00,29020.65,0.23986810136579964,-0.024174218184029383
2025-05-07 11:22:00,30854.75,0.21077206366450582,0.061283063774515055
2025-05-07 11:27:00,30598.17,0.17692117355918102,-0.008350506077245362
2025-05-07 11:32:00,31298.3,0.13410702361375842,0.022623579723615693
2025-05-07 11:37:00,29611.71,0.14818628462233543,-0.05539389176618883
2025-05-07 11:42:00,30666.95,0.1482509220858005,0.03501563626281754
2025-05-07 11:47:00,29801.76,0.12934515605347105,-0.028618075298638534
2025-05-07 11:52:00,29204.65,0.1298231205986906,-0.0202395089988577
2025-05-07 11:57:00,29725.8,0.12819044523918458,0.01768741241608054
2025-05-07 12:02:00,31680.57,0.1433431927419894,0.06368820362133655
2025-05-07 12:07:00,30411.23,0.13812657084011626,-0.04089161111599058
2025-05-07 12:12:00,31534.39,0.13821776104923875,0.03626674824941852
2025-05-07 12:17:00,28246.88,0.1787136258204557,-0.11009568732667943
2025-05-07 12:22:00,28293.14,0.16500890782862374,0.0016363634226686657
2025-05-07 12:27:00,27175.75,0.16830614245311476,-0.04029434091554809
2025-05-07 12:32:00,27517.25,0.16646562551766525,0.012488049224018822
2025-05-07 12:37:00,29462.29,0.1759451625157964,0.06829805978564425
2025-05-07 12:42:00,27613.14,0.18222166742811383,-0.06481939414595009
2025-05-07 12:47:00,31782.03,0.23346008581965896,0.14060928933433797
2025-05-07 12:52:00,27882.07,0.27006512449562825,-0.13091720581247834
2025-05-07 12:57:00,27450.09,0.26921818881244786,-0.015614383269358148
2025-05-07 13:02:00,30372.36,0.2821930943285568,0.10116353766457226
2025-05-07 13:07:00,28841.15,0.28396174086956166,-0.05172979750813644
2025-05-07 13:12:00,28782.76,0.2805379230413408,-0.002026590003500443
2025-05-07 13:17:00,31088.51,0.2681034349599674,0.07706170075264515
2025-05-07 13:22:00,27606.3,0.2967354386109284,-0.11879428999914879
2025-05-07 13:27:00,27350.01,0.29398431497842864,-0.009327113046484573
2025-05-07 13:32:00,28229.33,0.2954546340052009,0.0316446138683951
2025-05-07 13:37:00,28135.51,0.28650159717338314,-0.003329028757861735
2025-05-07 13:42:00,29196.41,0.2808996417476643,0.03701327690120561
2025-05-07 13:47:00,27437.6,0.24467533413259956,-0.06213142103470208
2025-05-07 13:52:00,30252.19,0.23006711792491968,0.09765424307487798
2025-05-07 13:57:00,31017.15,0.22933249916162268,0.024971698768066725
2025-05-07 14:02:00,30776.75,0.20696856597902868,-0.0077807425268792045
2025-05-07 14:07:00,31257.94,0.1990138982305388,0.015513889117815066
2025-05-07 14:12:00,30409.07,0.20184904618467234,-0.027532504733300527
2025-05-07 14:17:00,28317.81,0.19820499312861953,-0.07124998384936666
2025-05-07 14:22:00,30923.02,0.17877937248032935,0.08800995503288367
2025-05-07 14:27:00,31805.43,0.1784106725794166,0.028136139566414854
2025-05-07 14:32:00,28322.11,0.21791149284144995,-0.11599425822635648
2025-05-07 14:37:00,30641.77,0.23145792605268095,0.07872133912809805
2025-05-07 14:42:00,28165.61,0.24569974184806542,-0.08426238062950488
2025-05-07 14:47:00,29344.72,0.2402058442743039,0.04101090210678709
2025-05-07 14:52:00,31813.54,0.23365435270108767,0.08077935302323852
2025-05-07 14:57:00,29319.09,0.24724377383576238,-0.08165314562657403
2025-05-07 15:02:00,30746.36,0.2526188454590023,0.047532773560160814
2025-05-07 15:07:00,28485.41,0.2629329400041697,-0.07637958689280137
2025-05-07 15:12:00,28409.11,0.2620651605860869,-0.0026821579913728468
2025-05-07 15:17:00,31936.57,0.2778312257797803,0.11704187978830924
2025-05-07 15:22:00,31504.86,0.2650010299628198,-0.013609928521112738
2025-05-07 15:27:00,29635.21,0.27022682343939747,-0.061178638214738616
2025-05-07 15:32:00,28353.73,0.24684076193219245,-0.04420459024618301
2025-05-07 15:37:00,29544.42,0.23642161379225402,0.041136302349563746
2025-05-07 15:42:00,29003.87,0.22037299769586355,-0.018465624174791615
2025-05-07 15:47:00,27799.01,0.22023924608875076,-0.042428860807211886
2025-05-07 15:52:00,27968.94,0.20046309432613849,0.006094200196448828
2025-05-07 15:57:00,31806.94,0.22771849537833622,0.12858989622103303
2025-05-07 16:02:00,30584.83,0.2273018291885002,-0.039180370570298585
2025-05-07 16:07:00,30930.55,0.21172091278038607,0.011240234228587626
2025-05-07 16:12:00,27886.6,0.2389798239792012,-0.10359808191311613
2025-05-07 16:17:00,28561.08,0.20417444681579058,0.023898665168110657
2025-05-07 16:22:00,28979.11,0.20546290732387176,0.014530273703429972
2025-05-07 16:27:00,31032.59,0.209014435195343,0.06846271700315959
2025-05-07 16:32:00,27734.18,0.23554080184921034,-0.11237235504983865
2025-05-07 16:37:00,29019.93,0.2364085278771085,0.045317247784355426
2025-05-07 16:42:00,27695.53,0.24027660856049057,-0.04671180699326569
2025-05-07 16:47:00,30344.47,0.25370640354752866,0.09134326499513502
2025-05-07 16:52:00,30060.8,0.25425882932365124,-0.0093922959149519
2025-05-07 16:57:00,28947.28,0.21869921321273564,-0.03774575290052773
2025-05-07 17:02:00,29959.17,0.21956905169504512,0.03435921015050394
2025-05-07 17:07:00,28579.93,0.22353273862617984,-0.047130731426958866
2025-05-07 17:12:00,31035.08,0.21259286662296767,0.08241345436360782
2025-05-07 17:17:00,31369.82,0.21198727335688328,0.010728106622805525
2025-05-07 17:22:00,29219.32,0.22584008168706496,-0.07101614989984299
2025-05-07 17:27:00,28011.78,0.21653266543453598,-0.042204998334594374
2025-05-07 17:32:00,28922.58,0.18713967581918875,0.03199746894422405
2025-05-07 17:37:00,28738.53,0.18159507788723833,-0.006383873812407509
2025-05-07 17:42:00,28214.58,0.1759063346019111,-0.01839986550607992
2025-05-07 17:47:00,27850.44,0.14624520835638263,-0.012990100439922086
2025-05-07 17:52:00,28771.78,0.1514630877823373,0.03254628048177069
2025-05-07 17:57:00,27982.02,0.1493383907426215,-0.027832884597030583
2025-05-07 18:02:00,28887.95,0.14867958111555035,0.031862392095139816
2025-05-07 18:07:00,31359.2,0.16238875254117244,0.08208313180156274
2025-05-07 18:12:00,31021.86,0.14096529978493572,-0.010815567686669207
2025-05-07 18:17:00,27493.37,0.18457893072109552,-0.12074723256971596
2025-05-07 18:22:00,28918.13,0.18145027082589896,0.05052384936943001
2025-05-07 18:27:00,28125.61,0.1784142719700947,-0.02778818488750697
2025-05-07 18:32:00,27001.19,0.1791719460037113,-0.04079961007110295
2025-05-07 18:37:00,27875.84,0.18306269687547214,0.03187942474822532
2025-05-07 18:42:00,27336.39,0.18317413043097033,-0.019541582243385425
2025-05-07 18:47:00,30343.53,0.2113610347790465,0.10436453359583901
2025-05-07 18:52:00,27743.54,0.22982578721616703,-0.08958029490864591
2025-05-07 18:57:00,29842.76,0.2398378174130771,0.07293924405670323
2025-05-07 19:02:00,28119.41,0.2461405163557345,-0.05948217914138027
2025-05-07 19:07:00,29815.89,0.23835546356571372,0.058581387661287475
2025-05-07 19:12:00,29690.66,0.23824712853359004,-0.0042089546402489676
2025-05-07 19:17:00,30977.41,0.20420737863027408,0.04242571093420932
2025-05-07 19:22:00,29389.9,0.2078590497911977,-0.052607151262599156
2025-05-07 19:27:00,31776.09,0.21835933070902527,0.07806304227786084
2025-05-07 19:32:00,31279.89,0.2133587189827707,-0.01573872113814895
2025-05-07 19:37:00,30955.18,0.2133095098124244,-0.010435047200010962
2025-05-07 19:42:00,31396.61,0.2110871591789632,0.01415957345560023
2025-05-07 19:47:00,30145.36,0.19031405253663594,-0.040668911153430055
2025-05-07 19:52:00,29782.38,0.16483971011564474,-0.012114070677568943
2025-05-07 19:57:00,27590.67,0.16625267440684485,-0.07643927137620939
2025-05-07 20:02:00,30035.14,0.17834369834088207,0.08489035742456093
2025-05-07 20:07:00,29031.79,0.17219872598133343,-0.03397659303285002
2025-05-07 20:12:00,29093.51,0.17223540406949803,0.0021236887619231174
2025-05-07 20:17:00,30339.57,0.17209966501652976,0.04193767586175662
2025-05-07 20:22:00,30636.08,0.16304892959511122,0.009725598240239127
2025-05-07 20:27:00,31811.27,0.14710384983289648,0.037642230165219975
2025-05-07 20:32:00,30341.93,0.15402862751112387,-0.04729004522603225
2025-05-07 20:37:00,27862.3,0.1749637533392412,-0.0852560637106343
2025-05-07 20:42:00,30885.33,0.20724725255553758,0.10300679330977609
2025-05-07 20:47:00,29671.15,0.2071315592700648,-0.040106120647710665
2025-05-07 20:52:00,28589.51,0.2100446194314057,-0.03713532591390828
2025-05-07 20:57:00,27272.93,0.20077111816235246,-0.04714523216407045
2025-05-07 21:02:00,27071.63,0.17759103735129747,-0.007408319090804973
2025-05-07 21:07:00,31431.37,0.23454290010792161,0.14932012271455072
2025-05-07 21:12:00,31596.28,0.23449851033209138,0.005232953356874659
2025-05-07 21:17:00,31780.42,0.23136798141409895,0.005810984736114819
2025-05-07 21:22:00,31586.96,0.2314722403830367,-0.006105999682090927
2025-05-07 21:27:00,28069.67,0.2567081311451052,-0.11805474321697318
2025-05-07 21:32:00,27523.5,0.25385037257139836,-0.01964944877022697
2025-05-07 21:37:00,31658.95,0.2779694855646752,0.13998070381510244
2025-05-07 21:42:00,28113.6,0.2859368897203686,-0.1187674440045928
2025-05-07 21:47:00,28681.82,0.2848529114423193,0.020010027552846917
2025-05-07 21:52:00,31405.77,0.29651105531974875,0.09072816142022753
2025-05-07 21:57:00,28805.17,0.3068801544056856,-0.08643674907446591
2025-05-07 22:02:00,29130.73,0.3066535824550556,0.011238745812769436
2025-05-07 22:07:00,28018.86,0.26580602320814495,-0.03891577587651291
2025-05-07 22:12:00,28274.7,0.26606829117594677,0.009089557009965955
2025-05-07 22:17:00,31369.04,0.289184679902789,0.10385400738154778
2025-05-07 22:22:00,30930.6,0.28944530125718343,-0.014075434096947162
2025-05-07 22:27:00,31630.52,0.26050764341842625,0.022376492120022264
2025-05-07 22:32:00,30092.44,0.2659448600857583,-0.04984849985346802
2025-05-07 22:37:00,29142.44,0.2248856549524274,-0.032078446456505746
2025-05-07 22:42:00,29853.71,0.19004104935329857,0.02411358926171642
2025-05-07 22:47:00,28895.98,0.19277317039546912,-0.03260663512567154
2025-05-07 22:52:00,30033.68,0.1721395308511922,0.03861693351285017
2025-05-07 22:57:00,29794.42,0.14706819055015477,-0.007998290953810182
2025-05-07 23:02:00,29104.93,0.14897271671279042,-0.023413552020285597
2025-05-07 23:07:00,29008.37,0.14298031767085922,-0.0033231666025793196
2025-05-07 23:12:00,28201.99,0.14604511565906828,-0.028191866202996078
2025-05-07 23:17:00,31257.73,0.14528473298684993,0.10287416276377545
2025-05-07 23:22:00,28680.49,0.1686764556490286,-0.0860496049317899
2025-05-07 23:27:00,29109.6,0.1674443978936276,0.014850916018463403
2025-05-07 23:32:00,27469.53,0.1699014671099564,-0.057990626293912176
2025-05-07 23:37:00,31940.48,0.22922223149357335,0.15079678046504671
2025-05-07 23:42:00,28739.42,0.25437609792584354,-0.10560447133703503
2025-05-07 23:47:00,27187.96,0.2582656476516362,-0.05549547126874389
2025-05-07 23:52:00,31626.6,0.3001945441045044,0.15122431040728407
2025-05-07 23:57:00,31061.92,0.3008090093108171,-0.01801590700295316
2025-05-08 00:02:00,30844.23,0.2996556609404965,-0.0070329328276357616
2025-05-08 00:07:00,28754.9,0.30894630168254344,-0.07014151131908328
2025-05-08 00:12:00,29216.05,0.3078156593593829,0.015910028298501522
2025-05-08 00:17:00,30696.38,0.29317903697438663,0.049426516529036374
2025-05-08 00:22:00,31741.22,0.279631198698708,0.03347141933150779
2025-05-08 00:27:00,29004.26,0.2962380325057985,-0.09017343591270026
2025-05-08 00:32:00,29892.35,0.2905724429097403,0.030159879067952738
2025-05-08 00:37:00,30924.93,0.2478672053788952,0.03396005991725639
2025-05-08 00:42:00,27856.2,0.24737209975214905,-0.10450709195337181
2025-05-08 00:47:00,29027.47,0.24368575962878625,0.04118706023398376
2025-05-08 00:52:00,30212.17,0.19073531394035173,0.04000220032281054
2025-05-08 00:57:00,29438.42,0.1915424347151904,-0.025944199396377512
2025-05-08 01:02:00,31683.85,0.2067011109838949,0.07350646339789049
2025-05-08 01:07:00,29947.24,0.20184203624401087,-0.05636992061436069
2025-05-08 01:12:00,31410.0,0.206442502136581,0.04768914682481522
2025-05-08 01:17:00,31677.98,0.20104409597064524,0.008495488736484582
2025-05-08 01:22:00,27320.02,0.24725936024113077,-0.14800203552029678
2025-05-08 01:27:00,31341.12,0.27264379289932866,0.1373112065997951
2025-05-08 01:32:00,30558.96,0.27302152889095255,-0.025273041060912788
2025-05-08 01:37:00,29259.15,0.27406046668535666,-0.043465587033074515
2025-05-08 01:42:00,28045.44,0.2557873071666383,-0.042366293364187256
2025-05-08 01:47:00,30654.56,0.26822144676661147,0.0889553759167018
2025-05-08 01:52:00,29230.5,0.2698829477116584,-0.047568743134903724
2025-05-08 01:57:00,27139.88,0.27858284114090337,-0.07420845181126817
2025-05-08 02:02:00,30291.81,0.2920631492200548,0.10987314606990078
2025-05-08 02:07:00,30066.75,0.28649116781906026,-0.007457468933541731
2025-05-08 02:12:00,31196.26,0.28474029275986623,0.03687830582011431
2025-05-08 02:17:00,29521.15,0.2896092162270865,-0.055191260222318954
2025-05-08 02:22:00,30328.09,0.24542018055299167,0.026967390151317473
2025-05-08 02:27:00,30267.52,0.2013664905515328,-0.001999155390067037
2025-05-08 02:32:00,31972.85,0.20749365357442215,0.054811914798621304
2025-05-08 02:37:00,28877.95,0.2290638492916732,-0.10180877704723486
2025-05-08 02:42:00,31983.94,0.24564700710200102,0.1021555736926308
2025-05-08 02:47:00,27629.16,0.27507745450608473,-0.14636216508237482
2025-05-08 02:52:00,29481.6,0.2806566998770216,0.0648946031965349
2025-05-08 02:57:00,28647.76,0.27092349019802126,-0.02869108481960704
2025-05-08 03:02:00,27329.67,0.24890442065634588,-0.04710232988904048
2025-05-08 03:07:00,28368.22,0.25311162208736704,0.03729657929509835
2025-05-08 03:12:00,27906.69,0.2491063056667895,-0.01640305948918565
2025-05-08 03:17:00,27803.07,0.2440246637770204,-0.0037199987755996626
2025-05-08 03:22:00,28526.26,0.24384384109333265,0.025678620297594674
2025-05-08 03:27:00,30732.0,0.25656750779783066,0.07447939045365236
2025-05-08 03:32:00,28343.55,0.26151753324981764,-0.08090496594420128
2025-05-08 03:37:00,30259.35,0.2507432739400143,0.06540573656599998
2025-05-08 03:42:00,29139.84,0.22901570099007268,-0.03769891760958831
2025-05-08 03:47:00,31918.94,0.19242129479415637,0.09109325399256032
2025-05-08 03:52:00,31869.53,0.18378425711851148,-0.0015491831010171573
2025-05-08 03:57:00,29847.33,0.19484674661187115,-0.06555499230735458
2025-05-08 04:02:00,30386.75,0.18715173943233177,0.01791126953471654
2025-05-08 04:07:00,31201.0,0.18565999857879012,0.02644348744735253
2025-05-08 04:12:00,30465.44,0.18687153663665687,-0.023857219184478414
2025-05-08 04:17:00,28137.72,0.20611688626754215,-0.07948190144987026
2025-05-08 04:22:00,29652.87,0.2112872660116441,0.05244789176258307
2025-05-08 04:27:00,30848.36,0.2010725031595647,0.03952467177243007
2025-05-08 04:32:00,29610.28,0.18694228069796398,-0.04096199015095605
2025-05-08 04:37:00,30006.27,0.175044294463824,0.013284761491132944
2025-05-08 04:42:00,27384.53,0.19458834865097427,-0.0914281044165934
2025-05-08 04:47:00,31661.41,0.22832359676420183,0.1451203337448015
2025-05-08 04:52:00,30378.47,0.231932864630457,-0.041364455333807455
2025-05-08 04:57:00,28905.77,0.22784624427333808,-0.049692904649676704
2025-05-08 05:02:00,28888.54,0.22677151298525655,-0.0005962524861171037
2025-05-08 05:07:00,28611.82,0.22430717616420875,-0.009625057523641595
2025-05-08 05:12:00,27717.95,0.22508217629715058,-0.03173970139663347
2025-05-08 05:17:00,29868.22,0.22438430904074022,0.07471482112589925
2025-05-08 05:22:00,28830.4,0.2212774882259562,-0.03536465289851637
2025-05-08 05:27:00,31399.28,0.2350546008932196,0.08535457672459411
2025-05-08 05:32:00,28459.58,0.25268016987300224,-0.09830012771665668
2025-05-08 05:37:00,30892.83,0.2665760490109182,0.08203928314522252
2025-05-08 05:42:00,30187.14,0.24847591002800296,-0.023108112267728752
2025-05-08 05:47:00,29944.43,0.19853820440737655,-0.008072675237895982
2025-05-08 05:52:00,27855.52,0.20701322830045055,-0.07231217923674152
2025-05-08 05:57:00,29921.08,0.21521540055764707,0.07153209731030026
2025-05-08 06:02:00,31524.62,0.22069342651510468,0.05220557914137132
2025-05-08 06:07:00,28107.9,0.25224132297591095,-0.11471815223524655
2025-05-08 06:12:00,30196.66,0.2597954872173514,0.07168064662051091
2025-05-08 06:17:00,30790.2,0.24980020313677304,0.01946513529262979
2025-05-08 06:22:00,28650.17,0.2584131056557641,-0.07203708070525444
2025-05-08 06:27:00,28979.31,0.24164180875120073,0.01142275025975783
2025-05-08 06:32:00,29586.83,0.22083156414320326,0.020747202800501904
2025-05-08 06:37:00,29444.88,0.20341384230839488,-0.004809288892351685
2025-05-08 06:42:00,29001.96,0.20275335371577058,-0.01515662708390005
2025-05-08 06:47:00,28771.04,0.20275136682818837,-0.007994088233344276
2025-05-08 06:52:00,30782.13,0.19905191150253393,0.06756500112001544
2025-05-08 06:57:00,30289.88,0.18766151543701717,-0.01612066346843091
2025-05-08 07:02:00,31602.66,0.1849878188096049,0.04242763093758746
2025-05-08 07:07:00,28216.62,0.18404994283287943,-0.11333012822455821
2025-05-08 07:12:00,31917.02,0.21108551968818884,0.12322824378665669
2025-05-08 07:17:00,31633.15,0.2108165245153082,-0.008933788470762295
2025-05-08 07:22:00,28810.22,0.21994998024389875,-0.09347543605199066
2025-05-08 07:27:00,29837.11,0.22248419431585942,0.03502273547465837
2025-05-08 07:32:00,27884.47,0.2319163589577199,-0.06768301775285983
2025-05-08 07:37:00,29665.4,0.24136204548457213,0.061911480496792286
2025-05-08 07:42:00,30601.71,0.24249004024307302,0.031074506226625987
2025-05-08 07:47:00,30550.32,0.2422179391366119,-0.0016807295554187717
2025-05-08 07:52:00,30241.45,0.23259607252009581,-0.010161660297266768
2025-05-08 07:57:00,28671.45,0.23805959009345465,-0.053311645766374836
2025-05-08 08:02:00,28257.99,0.23254095303424516,-0.014525604669388341
2025-05-08 08:07:00,31946.5,0.2371089511593485,0.12268637919557307
2025-05-08 08:12:00,28769.94,0.2281280655197994,-0.10473153660149347
2025-05-08 08:17:00,29965.71,0.23340416415553056,0.0407226358839246
2025-05-08 08:22:00,29173.1,0.21443362753492437,-0.026806676137741785
2025-05-08 08:27:00,28492.03,0.2123045991245731,-0.02362265275903889
2025-05-08 08:32:00,31962.79,0.23019462875838162,0.11494801466603126
2025-05-08 08:37:00,31202.76,0.2256141098231955,-0.02406586126731465
2025-05-08 08:42:00,30921.55,0.2239642227090147,-0.009053200612514382
2025-05-08 08:47:00,27909.26,0.24674628114296476,-0.10249481842649762
2025-05-08 08:52:00,28177.35,0.24730473899634903,0.009559930321205322
2025-05-08 08:57:00,30903.68,0.2594372453021807,0.09235680694012241
2025-05-08 09:02:00,28583.79,0.27243292323116586,-0.07803549673702401
2025-05-08 09:07:00,28438.15,0.23792759076678263,-0.0051082203338928605
2025-05-08 09:12:00,28727.19,0.2144418648212603,0.010112507444753812
2025-05-08 09:17:00,28285.49,0.21008483162144118,-0.01549510872270387
2025-05-08 09:22:00,28938.83,0.21027927154850906,0.02283533959852737
2025-05-08 09:27:00,30978.83,0.21918051995068932,0.06811977606133561
2025-05-08 09:32:00,27496.68,0.21843433138113788,-0.11923879786304409
2025-05-08 09:37:00,31239.37,0.2586633155738089,0.1276138882031999
2025-05-08 09:42:00,27303.43,0.29187916876557574,-0.13466682299049199
2025-05-08 09:47:00,29682.1,0.2870681377575009,0.0835318351887814
2025-05-08 09:52:00,28813.75,0.2890840608245834,-0.02969146674941353
2025-05-08 09:57:00,31917.52,0.2926298180005352,0.10230237156391528
2025-05-08 10:02:00,27772.87,0.31640940169639825,-0.1390954304113884
2025-05-08 10:07:00,29806.27,0.3246654116363042,0.07065912914810485
2025-05-08 10:12:00,28009.19,0.33114529095201056,-0.062186103453989776
2025-05-08 10:17:00,31163.52,0.34788421082922055,0.10671550935223156
2025-05-08 10:22:00,29951.67,0.35059484700268867,-0.03966309735634182
2025-05-08 10:27:00,30668.06,0.34432894116270835,0.02363663952512894
2025-05-08 10:32:00,28147.98,0.3332149618978957,-0.0857461285574163
2025-05-08 10:37:00,27775.44,0.30373377677141544,-0.013323416589619113
2025-05-08 10:42:00,28331.43,0.2720853533370757,0.019819612110802902
2025-05-08 10:47:00,30575.0,0.2698128620997268,0.07621089247805772
2025-05-08 10:52:00,29660.74,0.269900396241655,-0.03035839574784423
2025-05-08 10:57:00,31366.7,0.25473398318571927,0.05592253479652402
2025-05-08 11:02:00,27487.18,0.25063246800653816,-0.13202710646409857
2025-05-08 11:07:00,31689.31,0.2812760359524599,0.1422596858778636
2025-05-08 11:12:00,28021.9,0.3028880839716953,-0.12299305271766055
2025-05-08 11:17:00,29486.2,0.2861289745425058,0.05093600996661511
2025-05-08 11:22:00,30696.28,0.2866037198178706,0.040219117328082414
2025-05-08 11:27:00,28615.85,0.2941496609460039,-0.07018071449249601
2025-05-08 11:32:00,30331.98,0.2865870914405724,0.058241841348607326
2025-05-08 11:37:00,27690.99,0.30248653919555957,-0.09109551194566612
2025-05-08 11:42:00,29104.82,0.30612027486985977,0.04979670667703103
2025-05-08 11:47:00,28864.69,0.2953186343326017,-0.008284747395062842
2025-05-08 11:52:00,28692.18,0.29402025596279246,-0.005994437034900199
2025-05-08 11:57:00,29642.31,0.2898338165326833,0.032578120843535514
2025-05-08 12:02:00,31079.08,0.2575873841869345,0.047332191417960086
2025-05-08 12:07:00,29910.59,0.21666476554102448,-0.038322325740222624
2025-05-08 12:12:00,27826.15,0.19087295107640684,-0.07223637224450259
2025-05-08 12:17:00,31225.75,0.21863718955289815,0.11526684889155553
2025-05-08 12:22:00,30907.72,0.21551410335518914,-0.01023708405151767
2025-05-08 12:27:00,28969.97,0.21362804282536998,-0.06474621466033788
2025-05-08 12:32:00,27685.77,0.2084116120059304,-0.04534121344347288
2025-05-08 12:37:00,28138.1,0.18815769749658698,0.016205967078335666
2025-05-08 12:42:00,27071.01,0.18405164757722509,-0.038661116255355454
2025-05-08 12:47:00,29627.19,0.2075976744296828,0.0902291071674713
2025-05-08 12:52:00,28812.79,0.20967912911982248,-0.02787313499154348
2025-05-08 12:57:00,31567.57,0.22703477367962158,0.09131094201660277
2025-05-08 13:02:00,28233.91,0.24942164782209655,-0.1116065899879126
2025-05-08 13:07:00,31764.3,0.2761551947683327,0.1178192798318628
2025-05-08 13:12:00,28119.8,0.29511042207554633,-0.12186906310105211
2025-05-08 13:17:00,29927.74,0.27690746831168833,0.0623118549497639
2025-05-08 13:22:00,30023.69,0.2768788847283534,0.003200927214739355
2025-05-08 13:27:00,30203.35,0.26841405525941353,0.005966108675039253
2025-05-08 13:32:00,31301.23,0.26454223185798853,0.035704548517416154
2025-05-08 13:37:00,27739.5,0.2949005805435648,-0.12080000368769243
2025-05-08 13:42:00,27081.41,0.29322885675541205,-0.02400987557549396
2025-05-08 13:47:00,30185.38,0.299858234845847,0.10851018656802694
2025-05-08 13:52:00,30509.62,0.2982045438470561,0.010684342514769213
2025-05-08 13:57:00,30499.65,0.28287878966661995,-0.000326835580519102
2025-05-08 14:02:00,29491.07,0.2600015038443899,-0.03362770248280433
2025-05-08 14:07:00,31397.71,0.23853559052101742,0.06264745466350233
2025-05-08 14:12:00,30664.81,0.2015821604346393,-0.023619217248545432
2025-05-08 14:17:00,31680.05,0.19479491001057542,0.03257140215796843
2025-05-08 14:22:00,28726.86,0.2202203552568169,-0.09785457163108145
2025-05-08 14:27:00,31878.64,0.24534318661344792,0.10410361944041928
2025-05-08 14:32:00,31811.27,0.2429992429697743,-0.002115563521029072
2025-05-08 14:37:00,27595.94,0.255332898069373,-0.14215196906276717
2025-05-08 14:42:00,28361.99,0.2553277963960566,0.027381208001298583
2025-05-08 14:47:00,31665.84,0.25608274350418225,0.11018862887387666
2025-05-08 14:52:00,27840.16,0.2880731296852118,-0.12875891475238388
2025-05-08 14:57:00,31730.32,0.31979355015370653,0.13079310806108088
2025-05-08 15:02:00,27009.07,0.35886833841797705,-0.16109995511744804
2025-05-08 15:07:00,27714.55,0.3528704070308025,0.02578481052524696
2025-05-08 15:12:00,31870.86,0.3827399559710091,0.13973456664518485
2025-05-08 15:17:00,28990.49,0.39311658256652127,-0.09472426751935421
2025-05-08 15:22:00,27241.94,0.38571495804530365,-0.062210147629589714
2025-05-08 15:27:00,28013.0,0.3695132781344223,0.027910990600964435
2025-05-08 15:32:00,29254.07,0.3734513477604425,0.04335002115497515
2025-05-08 15:37:00,28035.35,0.34642860872886133,-0.04255249540498826
2025-05-08 15:42:00,28833.12,0.34648485825813435,0.028058512506208517
2025-05-08 15:47:00,31126.18,0.33644112445832636,0.07652453931440813
2025-05-08 15:52:00,27440.52,0.3353230841957903,-0.1260285125973847
2025-05-08 15:57:00,31966.66,0.3452847018221832,0.15267273155524255
2025-05-08 16:02:00,27213.77,0.3452185194201494,-0.16097038947003486
2025-05-08 16:07:00,30095.31,0.3590109046466734,0.10064625046043389
2025-05-08 16:12:00,27159.97,0.3425916675002313,-0.10262514753673868
2025-05-08 16:17:00,27434.08,0.3312696896675666,0.010041838017139726
2025-05-08 16:22:00,28492.3,0.32737455869540727,0.03784783919056194
2025-05-08 16:27:00,31892.53,0.3447365159556757,0.11273793775784591
2025-05-08 16:32:00,31092.0,0.3445141936078135,-0.025421261721922182
2025-05-08 16:37:00,31684.56,0.34070496945952383,0.018878944613910795
2025-05-08 16:42:00,30474.13,0.3434512748945869,-0.03895136901220618
2025-05-08 16:47:00,29960.25,0.3347117701107401,-0.01700662389619483
2025-05-08 16:52:00,30090.55,0.30673321083087757,0.004339665899260887
2025-05-08 16:57:00,27618.36,0.2747805183234372,-0.08573040001735033
2025-05-08 17:02:00,27640.76,0.22171926163993494,0.0008107259481117978
2025-05-08 17:07:00,29991.39,0.21306588178607244,0.08161884556626814
2025-05-08 17:12:00,28948.28,0.18683197214814778,-0.035399550996435006
2025-05-08 17:17:00,27385.6,0.19627793910209634,-0.055493461673032846
2025-05-08 17:22:00,30987.73,0.23017512492645387,0.12357399188117836
2025-05-08 17:27:00,29671.88,0.20331397629791198,-0.04339152371914238
2025-05-08 17:32:00,31668.9,0.21378186827438767,0.06513533079901516
2025-05-08 17:37:00,31620.53,0.21294782162653825,-0.001528533577177145
2025-05-08 17:42:00,29643.04,0.21948146927997442,-0.0645792339130675
2025-05-08 17:47:00,28807.65,0.22063014541570686,-0.028586382401286328
2025-05-08 17:52:00,27936.56,0.22209005697874615,-0.03070475159453401
2025-05-08 17:57:00,28375.23,0.2049537224378398,0.015580356220295785
2025-05-08 18:02:00,28375.27,0.20496153308953305,1.4096792098586825e-06
2025-05-08 18:07:00,28889.56,0.18716071040780616,0.01796229300391131
2025-05-08 18:12:00,28881.78,0.18381796789824217,-0.0002693377043715741
2025-05-08 18:17:00,30754.3,0.1830613734288522,0.06281887540022572
2025-05-08 18:22:00,28167.5,0.1602179893320835,-0.08786099081837931
2025-05-08 18:27:00,28860.39,0.15817052573766144,0.024301235711747714
2025-05-08 18:32:00,29476.72,0.1431042054905464,0.02113073249068712
2025-05-08 18:37:00,29342.24,0.1430333143721235,-0.004572683173077016
2025-05-08 18:42:00,30759.61,0.136823636689487,0.04717434966788385
2025-05-08 18:47:00,31664.09,0.13437706306481312,0.028980765447363537
2025-05-08 18:52:00,29246.76,0.15662149031903588,-0.07941443288905708
2025-05-08 18:57:00,28478.9,0.1588314387971389,-0.026605336109372723
2025-05-08 19:02:00,28927.55,0.15956626703481444,0.015630966023581265
2025-05-08 19:07:00,27546.1,0.16597956864234253,-0.048933463446240597
2025-05-08 19:12:00,30500.66,0.19700166068455371,0.10188735794380127
2025-05-08 19:17:00,30192.86,0.18669884886111604,-0.01014285013625883
2025-05-08 19:22:00,31389.76,0.16446346570352427,0.03887625249033779
2025-05-08 19:27:00,31115.71,0.16443757476311127,-0.00876888874048922
2025-05-08 19:32:00,29470.5,0.17403034402297002,-0.05432307332490026
2025-05-08 19:37:00,27420.88,0.18845539771968287,-0.07208499603049402
2025-05-08 19:42:00,29857.92,0.20330514959498877,0.08514536429719413
2025-05-08 19:47:00,31994.18,0.2137683555639611,0.06910387997957242
2025-05-08 19:52:00,31692.05,0.19580287333343535,-0.009488150471491897
2025-05-08 19:57:00,29351.37,0.21093149577462042,-0.07672663757840066
2025-05-08 20:02:00,29566.17,0.21053025795263583,0.007291579101595372
2025-05-08 20:07:00,29511.97,0.20328758735275615,-0.0018348585519545116
2025-05-08 20:12:00,29173.41,0.17435128155223423,-0.01153826578535353
2025-05-08 20:17:00,28422.44,0.17571588007174616,-0.026078703957567704
2025-05-08 20:22:00,30762.75,0.19066270301391144,0.07912556844659467
2025-05-08 20:27:00,31369.96,0.19161461111121386,0.019546204636286854
2025-05-08 20:32:00,29263.0,0.19690557318502883,-0.06952682771203966
2025-05-08 20:37:00,31923.18,0.19815469414231446,0.08700847229347941
2025-05-08 20:42:00,29022.16,0.20805383457301327,-0.09527271556684835
2025-05-08 20:47:00,28620.54,0.19295924201780923,-0.01393503423792677
2025-05-08 20:52:00,31389.76,0.21808427862246405,0.09235708320274401
2025-05-08 20:57:00,27203.76,0.2509373823782756,-0.1431265260351287
2025-05-08 21:02:00,31662.65,0.29688733036073167,0.1517825537395765
2025-05-08 21:07:00,31884.74,0.29677384526149125,0.006989772647428694
2025-05-08 21:12:00,31099.01,0.2979612335925808,-0.024951539548370105
2025-05-08 21:17:00,30036.61,0.29908364009991156,-0.03475901488709496
2025-05-08 21:22:00,27461.09,0.3008217399050072,-0.08964687734144668
2025-05-08 21:27:00,29531.79,0.3109382863385239,0.07269721658857546
2025-05-08 21:32:00,28154.14,0.30674863220084947,-0.047772897197287625
2025-05-08 21:37:00,29945.73,0.2995861967804275,0.061692330401835443
2025-05-08 21:42:00,27942.55,0.29209645705986453,-0.06923612678071596
2025-05-08 21:47:00,31949.39,0.322067794527691,0.13400247164456225
2025-05-08 21:52:00,29385.06,0.3205674831778266,-0.08366670638889448
2025-05-08 21:57:00,31144.73,0.2878158192039111,0.05815866761964057
2025-05-08 22:02:00,28262.75,0.2616909718249355,-0.09710036633177445
2025-05-08 22:07:00,29732.88,0.2682595672956914,0.05070882095636527
2025-05-08 22:12:00,30302.2,0.2684382034919123,0.018966812975418336
2025-05-08 22:17:00,31769.36,0.2701021115754248,0.04728198614756277
2025-05-08 22:22:00,29713.37,0.2622828843508088,-0.0669051904243834
2025-05-08 22:27:00,28574.41,0.2552639601861671,-0.03908555081480855
2025-05-08 22:32:00,31075.8,0.263751515033088,0.0839178191840956
2025-05-08 22:37:00,29643.24,0.2621443739397597,-0.04719527503805262
2025-05-08 22:42:00,28109.08,0.25802548127254993,-0.05314145037818098
2025-05-08 22:47:00,29917.16,0.22547312574375306,0.06233957299850944
2025-05-08 22:52:00,27417.37,0.22685510851543295,-0.0872554746712453
2025-05-08 22:57:00,27102.17,0.21586718022451326,-0.01156295566310947
2025-05-08 23:02:00,27559.45,0.1957496880276644,0.01673169100703182
2025-05-08 23:07:00,31061.0,0.22583936327461426,0.11960752346474053
2025-05-08 23:12:00,29984.49,0.22832379072407272,-0.0352727649808552
2025-05-08 23:17:00,30190.78,0.2225268017477829,0.0068563317830783
2025-05-08 23:22:00,30282.89,0.2117744732834959,0.0030462867965736066
2025-05-08 23:27:00,31627.25,0.21056151915368768,0.043436224210743064
2025-05-08 23:32:00,29714.86,0.20408834300830286,-0.062371833379650486
2025-05-08 23:37:00,31117.36,0.20374160503662217,0.04611860542447315
2025-05-08 23:42:00,27668.63,0.23167680646045627,-0.11746658234069748
2025-05-08 23:47:00,31957.97,0.2678077086407868,0.14412232151857565
2025-05-08 23:52:00,31337.36,0.25021442436303454,-0.01961060600126289
2025-05-08 23:57:00,28498.81,0.27145928831986005,-0.09494866396650602
2025-05-09 00:02:00,31878.63,0.29221510090979275,0.1120735473305273
2025-05-09 00:07:00,31242.63,0.2686076531740603,-0.02015237097964411
2025-05-09 00:12:00,31659.06,0.26592981372708874,0.013240855183161569
2025-05-09 00:17:00,31524.94,0.2660555085714141,-0.004245384953161724
2025-05-09 00:22:00,29039.11,0.2795443157180522,-0.08213543649374964
2025-05-09 00:27:00,28071.14,0.27605639377476787,-0.03390153980108941
2025-05-09 00:32:00,27518.51,0.27046595246365646,-0.019883133145417804
2025-05-09 00:37:00,30064.52,0.2824918119212125,0.08848686979827401
2025-05-09 00:42:00,27175.54,0.27561161996780814,-0.10102843494080625
2025-05-09 00:47:00,28632.86,0.23497050308844505,0.05223770532064354
2025-05-09 00:52:00,27070.66,0.23953164175152167,-0.05610452477280803
2025-05-09 00:57:00,28025.21,0.2253276093851399,0.034653977676863304
2025-05-09 01:02:00,27365.47,0.18866994336464246,-0.023822462567478803
2025-05-09 01:07:00,27465.22,0.1891470794879956,0.0036384772850805956
2025-05-09 01:12:00,31751.94,0.24503285829158475,0.14503334887693625
2025-05-09 01:17:00,27329.81,0.28758636999291787,-0.14997577798574638
2025-05-09 01:22:00,31858.55,0.31947811723735803,0.15332774398442367
2025-05-09 01:27:00,27674.56,0.35099732933362293,-0.14079221219025131
2025-05-09 01:32:00,27515.45,0.35046043665708915,-0.005765914549063103
2025-05-09 01:37:00,28990.03,0.3422475938451926,0.05220431267903364
2025-05-09 01:42:00,27259.49,0.33204091223109194,-0.06155026040999336
2025-05-09 01:47:00,30181.85,0.344001254887046,0.10183903297179452
2025-05-09 01:52:00,31297.36,0.3386424367004907,0.0362929986065109
2025-05-09 01:57:00,28888.03,0.3495697451218497,-0.08010642647283123
2025-05-09 02:02:00,30783.77,0.3532862263562828,0.06356028057355388
2025-05-09 02:07:00,30540.07,0.35369674555220815,-0.007948011177837869
2025-05-09 02:12:00,31737.39,0.3237151553708863,0.038455889229495825
2025-05-09 02:17:00,30066.86,0.2874289375557911,-0.054071912558315754
2025-05-09 02:22:00,31097.96,0.24286657602435174,0.03371865364344069
2025-05-09 02:27:00,27680.93,0.22845800973262892,-0.11639849372749066
2025-05-09 02:32:00,29348.75,0.2356113877407457,0.05850622747837439
2025-05-09 02:37:00,27373.53,0.24065399670142532,-0.0696734678646254
2025-05-09 02:42:00,28612.0,0.23665088652032581,0.04424972218143265
2025-05-09 02:47:00,30417.25,0.22131665329631875,0.06118367144664846
2025-05-09 02:52:00,29336.04,0.22044930161616957,-0.03619308741228259
2025-05-09 02:57:00,28891.19,0.20550656076698057,-0.015280089927240354
2025-05-09 03:02:00,28987.2,0.19367254141138013,0.0033176488863463603
2025-05-09 03:07:00,29819.66,0.19644744251553808,0.02831355428818646
2025-05-09 03:12:00,31856.03,0.20442433501105312,0.06605878153142143
2025-05-09 03:17:00,29229.98,0.21587703457866608,-0.08603179416482899
2025-05-09 03:22:00,29243.03,0.212347344795444,0.0004463597894711224
2025-05-09 03:27:00,27621.31,0.1849474662096798,-0.057053678428465246
2025-05-09 03:32:00,29437.97,0.18680806074697354,0.0636977614235109
2025-05-09 03:37:00,27340.33,0.18858302279600506,-0.07392243622917191
2025-05-09 03:42:00,31195.35,0.22744081042684447,0.13190614379683005
2025-05-09 03:47:00,27612.29,0.25241468760129554,-0.1220080817804924
2025-05-09 03:52:00,28766.91,0.2548153649600783,0.04096480478385245
2025-05-09 03:57:00,30420.05,0.260528899194001,0.055876162235362875
2025-05-09 04:02:00,29776.8,0.26179699448337496,-0.021372363670651446
2025-05-09 04:07:00,27619.18,0.2708631530117339,-0.07521910790563098
2025-05-09 04:12:00,27045.96,0.25919994772310195,-0.020972817820697893
2025-05-09 04:17:00,29786.24,0.267720926897759,0.09650890081957596
2025-05-09 04:22:00,27474.01,0.2801353631001024,-0.08080607502444379
2025-05-09 04:27:00,31054.62,0.3006713552462265,0.1225071226981094
2025-05-09 04:32:00,28644.24,0.3070476453260087,-0.08079521375389888
2025-05-09 04:37:00,29288.7,0.2974795993705955,0.02224940027828653
2025-05-09 04:42:00,27194.46,0.2724620590968441,-0.07418850001944054
2025-05-09 04:47:00,30279.15,0.2674516390513966,0.10744608075453257
2025-05-09 04:52:00,31389.74,0.26682555128881724,0.03602173108589118
2025-05-09 04:57:00,28808.83,0.27612229881700057,-0.08579915055411898
2025-05-09 05:02:00,30487.2,0.2818896850976379,0.05662498602242466
2025-05-09 05:07:00,30847.41,0.26903474587725157,0.011745868812662116
2025-05-09 05:12:00,28739.08,0.27954086471854545,-0.07079492320368162
2025-05-09 05:17:00,30721.49,0.27034179283340426,0.06670454070322086
2025-05-09 05:22:00,29786.13,0.25787154486395475,-0.03091956078674536
2025-05-09 05:27:00,27068.92,0.24286964770482286,-0.09565664265482142
2025-05-09 05:32:00,29607.18,0.2494879748701621,0.08963069321696823
2025-05-09 05:37:00,28430.71,0.2520253062894418,-0.04054700051233766
2025-05-09 05:42:00,29016.5,0.24013381327974448,0.020394734733716
2025-05-09 05:47:00,30982.71,0.22381680909444596,0.06556467324956661
2025-05-09 05:52:00,29395.11,0.22661190409253334,-0.052600972973539085
2025-05-09 05:57:00,28605.5,0.2109937366937878,-0.027229326950871664
2025-05-09 06:02:00,30400.74,0.21228759185575002,0.060867943191814336
2025-05-09 06:07:00,29950.57,0.21232029409047493,-0.014918594121284948
2025-05-09 06:12:00,31131.16,0.20184381651205976,0.038660890749641734
2025-05-09 06:17:00,28187.94,0.21576553117706682,-0.09931501995236806
2025-05-09 06:22:00,28256.16,0.2143335190602749,0.002417260022510247
2025-05-09 06:27:00,27485.06,0.19241521614208237,-0.02766890260051889
2025-05-09 06:32:00,28773.18,0.17462819592109574,0.04580111894007428
2025-05-09 06:37:00,30068.29,0.17494352943986713,0.04402742481459081
2025-05-09 06:42:00,27430.17,0.19836361396602575,-0.091827625549638
2025-05-09 06:47:00,27197.27,0.1829795197418212,-0.008526901906458634
2025-05-09 06:52:00,29870.17,0.20388793860501375,0.09374372292319201
2025-05-09 06:57:00,31591.36,0.2081168664338987,0.05602334194499187
2025-05-09 07:02:00,31516.9,0.2001372741070163,-0.002359755586739573
2025-05-09 07:07:00,27163.21,0.25134009484740183,-0.14866042567986615
2025-05-09 07:12:00,27325.0,0.2467817939197242,0.0059385498433005305
2025-05-09 07:17:00,29140.23,0.2368534950330266,0.06431765960398693
2025-05-09 07:22:00,27869.33,0.24154831408762337,-0.04459289264828283
2025-05-09 07:27:00,28587.37,0.2410250167132645,0.02543821087818966
2025-05-09 07:32:00,31100.85,0.2512808920462149,0.08427013810491281
2025-05-09 07:37:00,27072.4,0.2856026829089526,-0.13872039127303976
2025-05-09 07:42:00,29298.67,0.2824707813713169,0.07902736377291461
2025-05-09 07:47:00,27985.61,0.2869224385570287,-0.04585167300406074
2025-05-09 07:52:00,31872.64,0.3014661525789273,0.13005751202464297
2025-05-09 07:57:00,31819.66,0.29637639492503026,-0.0016636237730195964
2025-05-09 08:02:00,31248.38,0.2969663405319438,-0.018116802910175044
2025-05-09 08:07:00,28744.61,0.26721675949470886,-0.08351726343242734
2025-05-09 08:12:00,30692.51,0.2740795963884526,0.06556837947905583
2025-05-09 08:17:00,31535.14,0.2684543583304011,0.02708382873211394
2025-05-09 08:22:00,30739.36,0.2651504994082872,-0.02555856150248826
2025-05-09 08:27:00,28680.1,0.2751662994930802,-0.06934041563923588
2025-05-09 08:32:00,30308.81,0.26690477103043353,0.05523492685331339
2025-05-09 08:37:00,27060.96,0.2536163066756708,-0.11334633049724124
2025-05-09 08:42:00,27959.7,0.24181345901624632,0.0326720888625512
2025-05-09 08:47:00,27681.89,0.23764917219408369,-0.009985778929020106
2025-05-09 08:52:00,28852.15,0.19749539026438886,0.041406104808965734
2025-05-09 08:57:00,27771.2,0.19952362389235503,-0.03818500108977843
2025-05-09 09:02:00,29418.45,0.21077553132134638,0.05762251605276444
2025-05-09 09:07:00,27555.03,0.204100490357457,-0.06543693247101097
2025-05-09 09:12:00,31161.62,0.2315456094076706,0.12300211331531831
2025-05-09 09:17:00,27677.25,0.2581175037352623,-0.11857643327857519
2025-05-09 09:22:00,31990.04,0.30032139996734153,0.1448138282484152
2025-05-09 09:27:00,29084.83,0.3081607936613676,-0.09520787194300169
2025-05-09 09:32:00,29760.11,0.30363963075747624,0.022952173786229005
2025-05-09 09:37:00,31313.3,0.28124539833393003,0.05087402122629239
2025-05-09 09:42:00,30411.46,0.2831259876935765,-0.02922341636125221
2025-05-09 09:47:00,28135.39,0.29541743279720395,-0.07779129653244132
2025-05-09 09:52:00,29410.24,0.2958616063712479,0.04431469849501852
2025-05-09 09:57:00,30746.69,0.29527853065760845,0.044439433160021954
2025-05-09 10:02:00,28353.97,0.30256516186039933,-0.08101529053915232
2025-05-09 10:07:00,31206.73,0.3092181484541344,0.09586672103952944
2025-05-09 10:12:00,30951.62,0.28388066482627716,-0.008208436433967065
2025-05-09 10:17:00,29419.04,0.2602471336226637,-0.05078325647113357
2025-05-09 10:22:00,28334.01,0.21305233433655962,-0.03757923388756596
2025-05-09 10:27:00,30099.54,0.20179390744764283,0.060447039356057594
2025-05-09 10:32:00,28936.67,0.20463364392053252,-0.03940024031632426
2025-05-09 10:37:00,29914.52,0.20034501976993815,0.033234332321420264
2025-05-09 10:42:00,28004.23,0.20863474750069896,-0.06598841105748633
2025-05-09 10:47:00,27014.33,0.1969965240921854,-0.035988104241619086
2025-05-09 10:52:00,31635.06,0.25205289979154294,0.15789853327850742
2025-05-09 10:57:00,30726.15,0.25057285073298746,-0.02915191567496068
2025-05-09 11:02:00,27950.2,0.25571309038258344,-0.09468972834499464
2025-05-09 11:07:00,28684.51,0.23552055636502514,0.025932900598706354
2025-05-09 11:12:00,31104.18,0.2513855850902221,0.08098495948904495
2025-05-09 11:17:00,27456.37,0.2773551249327953,-0.12474401597634488
2025-05-09 11:22:00,27306.15,0.2751860542226021,-0.005486247776327883
2025-05-09 11:27:00,27155.2,0.2663374612084282,-0.005543394959834057
2025-05-09 11:32:00,27333.56,0.26449375238583145,0.006546694658872201
2025-05-09 11:37:00,31186.01,0.2964049190309854,0.13185434557466102
2025-05-09 11:42:00,28727.52,0.3009312875394556,-0.08211404847291404
2025-05-09 11:47:00,31420.65,0.3096615360346341,0.08960977172727587
2025-05-09 11:52:00,27236.5,0.3016767869418234,-0.14290733456598106
2025-05-09 11:57:00,29595.31,0.31546351160549374,0.08305791732245592
2025-05-09 12:02:00,31092.02,0.30246886557817254,0.04933529178986609
2025-05-09 12:07:00,29617.04,0.3070328499763405,-0.04860132325203529
2025-05-09 12:12:00,28411.09,0.29723225345881094,-0.04157030946564055
2025-05-09 12:17:00,30756.08,0.2789401038620795,0.07930813638265834
2025-05-09 12:22:00,30104.71,0.2803213846662688,-0.021406060366355548
2025-05-09 12:27:00,31481.96,0.2821485788044319,0.04473304544583726
2025-05-09 12:32:00,30932.04,0.2837189069800961,-0.01762214345937335
2025-05-09 12:37:00,31849.55,0.25261177707164,0.029230713284805684
2025-05-09 12:42:00,27296.73,0.2867372298449326,-0.15425633839303612
2025-05-09 12:47:00,29947.89,0.28785234686095573,0.09269195653152519
2025-05-09 12:52:00,31241.63,0.24704162153241277,0.04229262897843625
2025-05-09 12:57:00,27710.93,0.26553864778277725,-0.11992458010415813
2025-05-09 13:02:00,29719.71,0.27093671082723075,0.06998354186034156
2025-05-09 13:07:00,28274.24,0.2711666570600227,-0.0498593192903722
2025-05-09 13:12:00,29931.7,0.2741076559204385,0.05696697667704044
2025-05-09 13:17:00,27260.0,0.2770079377970379,-0.09349769318133659
2025-05-09 13:22:00,28950.76,0.2852519674174895,0.0601760295649305
2025-05-09 13:27:00,28962.77,0.2805216839014772,0.0004147562813791993
2025-05-09 13:32:00,29388.29,0.281033460769538,0.014585083567969259
2025-05-09 13:37:00,31781.36,0.2914978696270506,0.07828365872045355
2025-05-09 13:42:00,27967.47,0.27710623903555226,-0.1278379053383848
2025-05-09 13:47:00,27306.27,0.259456840074487,-0.02392570291434241
2025-05-09 13:52:00,31520.41,0.29766558113937286,0.14351892636890146
2025-05-09 13:57:00,28540.0,0.28914827650368136,-0.09932866047060297
2025-05-09 14:02:00,28704.33,0.2797657806962671,0.0057413704171277
2025-05-09 14:07:00,31977.0,0.2949695013402561,0.10796891190929131
2025-05-09 14:12:00,30111.0,0.2979667260867039,-0.06012634087533643
2025-05-09 14:17:00,30179.96,0.2798486410574192,0.002287574458004467
2025-05-09 14:22:00,29761.58,0.2746806760360064,-0.013959828004335222
2025-05-09 14:27:00,28939.73,0.27635853440223074,-0.028002908441172595
2025-05-09 14:32:00,29532.61,0.27674628382663913,0.020279685031396814
2025-05-09 14:37:00,28389.53,0.2654189306403906,-0.03947466132086825
2025-05-09 14:42:00,28903.81,0.23244343608166407,0.017953005116296637
2025-05-09 14:47:00,29571.55,0.23129138804069088,0.02283933014272335
2025-05-09 14:52:00,27907.33,0.18416184578906095,-0.05792337214607158
2025-05-09 14:57:00,31534.16,0.1997015183178863,0.12218202435517246
2025-05-09 15:02:00,29570.51,0.2125527979810817,-0.06429382176525467
2025-05-09 15:07:00,30672.4,0.18396865231331821,0.0365856465028127
2025-05-09 15:12:00,31445.58,0.1748241981778691,0.024895205300684765
2025-05-09 15:17:00,28776.66,0.19774834748063547,-0.08869379081904355
2025-05-09 15:22:00,27973.89,0.1990535778817197,-0.028293066783515668
2025-05-09 15:27:00,31132.55,0.2260894870007795,0.10698232052397957
2025-05-09 15:32:00,30123.8,0.2286932863504646,-0.03293833865805535
2025-05-09 15:37:00,28398.33,0.2333065967969174,-0.058985216371221304
2025-05-09 15:42:00,31321.79,0.2529173470630634,0.09798368084775046
2025-05-09 15:47:00,27213.02,0.29142412916018845,-0.14061848622555106
2025-05-09 15:52:00,31486.23,0.32214898240781714,0.1458547721561465
2025-05-09 15:57:00,29291.59,0.3066232051126137,-0.07224986329455377
2025-05-09 16:02:00,30275.74,0.30190044684058004,0.03304628764475631
2025-05-09 16:07:00,29775.21,0.29992872473775245,-0.01667056363663635
2025-05-09 16:12:00,28814.29,0.29973488567192536,-0.032804723472629777
2025-05-09 16:17:00,28884.01,0.2862841346401269,0.0024167101607232146
2025-05-09 16:22:00,29680.48,0.2856133432429926,0.027201435873833578
2025-05-09 16:27:00,28882.45,0.26402054327167707,-0.027255446453688187
2025-05-09 16:32:00,28518.43,0.26256001062427886,-0.012683599278977022
2025-05-09 16:37:00,31221.17,0.2711868671061217,0.09054584541953754
2025-05-09 16:42:00,29617.89,0.2581327560060523,-0.05271781971133055
2025-05-09 16:47:00,30773.94,0.21347230578437704,0.03828965728480244
2025-05-09 16:52:00,28999.45,0.1642261956163597,-0.05939136364610392
2025-05-09 16:57:00,28669.73,0.14829630154905118,-0.011435001948043425
2025-05-09 17:02:00,28421.28,0.14339368517588663,-0.008703701981461807
2025-05-09 17:07:00,30326.77,0.15869795923342234,0.06489266045033662
2025-05-09 17:12:00,30578.31,0.15425676279098854,0.008260113284534368
2025-05-09 17:17:00,29422.1,0.16031077476684855,-0.038544841455295076
2025-05-09 17:22:00,28136.18,0.16383686149118173,-0.04468979999037071
2025-05-09 17:27:00,27382.59,0.16382071558262692,-0.02714888266797399
2025-05-09 17:32:00,31664.97,0.22126220850208794,0.14530361256854876
2025-05-09 17:37:00,31274.74,0.20291961962645233,-0.012400279580561443
2025-05-09 17:42:00,28812.19,0.21310354444213278,-0.08201218148920077
2025-05-09 17:47:00,29137.49,0.20916252335559493,0.011227099681575895
2025-05-09 17:52:00,28548.87,0.20150550209919343,-0.020408305527514214
2025-05-09 17:57:00,30812.34,0.21531944903514705,0.07629790345769875
2025-05-09 18:02:00,31569.05,0.21538615282808732,0.024261951166112936
2025-05-09 18:07:00,29680.6,0.21658468205399956,-0.06168357652950137
2025-05-09 18:12:00,31961.3,0.22951642360164912,0.0740321621873705
2025-05-09 18:17:00,30855.18,0.228872429411627,-0.0352211504211721
2025-05-09 18:22:00,27970.27,0.24681602654239432,-0.09816248512733448
2025-05-09 18:27:00,28398.02,0.2454547269633572,0.015177264059733306
2025-05-09 18:32:00,31095.61,0.2151506665715992,0.09074722723838607
2025-05-09 18:37:00,30678.03,0.21521538160317502,-0.013519888440341982
2025-05-09 18:42:00,27266.65,0.23215762421112993,-0.11788241953144975
2025-05-09 18:47:00,27518.21,0.23201464975044703,0.009183623651603499
2025-05-09 18:52:00,31469.0,0.2691563903357497,0.1341549669314895
2025-05-09 18:57:00,29283.21,0.2690254681947459,-0.07198862004495764
2025-05-09 19:02:00,29505.08,0.267609088011369,0.007548137678706334
2025-05-09 19:07:00,30781.01,0.26403452020333534,0.0423354894773483
2025-05-09 19:12:00,30881.07,0.25250686593445654,0.003245433427685243
2025-05-09 19:17:00,27190.4,0.28059449990851754,-0.12727940498825127
2025-05-09 19:22:00,29275.04,0.27466139084579455,0.07387130600930633
2025-05-09 19:27:00,29599.75,0.2745052581658591,0.01103063951200998
2025-05-09 19:32:00,31307.16,0.2644851698615143,0.056080910031110924
2025-05-09 19:37:00,30803.12,0.26465650158811127,-0.016230841829051875
2025-05-09 19:42:00,30954.42,0.23118899965163514,0.004899816369087063
2025-05-09 19:47:00,29499.9,0.2385509621564372,-0.048128926410027244
2025-05-09 19:52:00,27122.73,0.20833709537852288,-0.08401475178676325
2025-05-09 19:57:00,28559.91,0.20642305555673432,0.051631864483157174
2025-05-09 20:02:00,28044.6,0.20671855776536763,-0.018207886139270164
2025-05-09 20:07:00,29149.08,0.20583867809919545,0.03862725133986362
2025-05-09 20:12:00,27197.26,0.21540914296272975,-0.06930711847281436
2025-05-09 20:17:00,27487.88,0.17409107143012345,0.010628947317295374
2025-05-09 20:22:00,30440.71,0.18863872889629588,0.10203567704341307
2025-05-09 20:27:00,30279.07,0.18861215937814405,-0.005324142538958121
2025-05-09 20:32:00,31310.13,0.1827937177506738,0.033484972602357214
2025-05-09 20:37:00,27396.44,0.22655720837192692,-0.13352860941232036
2025-05-09 20:42:00,27659.17,0.2269325043054782,0.00954424061024762
2025-05-09 20:47:00,29907.62,0.23826389787518099,0.0781559788706233
2025-05-09 20:52:00,30677.01,0.2200271589463251,0.025400216696282236
2025-05-09 20:57:00,28492.83,0.22985469153187463,-0.0738610374466891
2025-05-09 21:02:00,29462.48,0.23124141881774488,0.033465112757054584
2025-05-09 21:07:00,31400.39,0.23662165861679416,0.06370272378624184
2025-05-09 21:12:00,29095.85,0.2391177347905448,-0.07622476089565604
2025-05-09 21:17:00,31924.06,0.2545988293717578,0.09276440515213781
2025-05-09 21:22:00,29738.55,0.24684912485507832,-0.0709157735166513
