n_tasks,n_seeds,method,coverage,coverage_se,mean_width,n_intervals
25,1,task,0.9335,0.005571254347092763,0.36278999999999995,2000
25,1,task_seed,0.926,0.005853375094763702,0.36207899999999993,2000
25,3,task,0.9235,0.005943389184631948,0.28437583333333327,2000
25,3,task_seed,0.953,0.004732388403332932,0.31425866666666663,2000
25,5,task,0.94,0.005310367218940704,0.2672703,2000
25,5,task_seed,0.9605,0.004355441998236229,0.2902052,2000
25,10,task,0.916,0.006202580108309766,0.25005109999999997,2000
25,10,task_seed,0.9315,0.0056483515294287415,0.2642391499999999,2000
50,1,task,0.937,0.00543281694887652,0.25882274999999993,2000
50,1,task_seed,0.9365,0.005452877680637995,0.2589497499999999,2000
50,3,task,0.927,0.005816829033072915,0.20406341666666666,2000
50,3,task_seed,0.949,0.004919298730510276,0.2249111666666666,2000
50,5,task,0.949,0.004919298730510276,0.19198479999999998,2000
50,5,task_seed,0.964,0.0041655731898503495,0.20831424999999995,2000
50,10,task,0.945,0.005097793640389931,0.1823984,2000
50,10,task_seed,0.958,0.00448530935387962,0.19175589999999998,2000
100,1,task,0.9355,0.005492711079239468,0.18495762499999996,2000
100,1,task_seed,0.935,0.005512485827646179,0.18497924999999996,2000
100,3,task,0.94,0.005310367218940704,0.14547162500000002,2000
100,3,task_seed,0.9625,0.004248161366991606,0.16004529166666662,2000
100,5,task,0.9295,0.005724061058374553,0.13616382499999996,2000
100,5,task_seed,0.9485,0.004942051699446293,0.14759609999999998,2000
100,10,task,0.9435,0.005162739098579358,0.12845711250000003,2000
100,10,task_seed,0.953,0.004732388403332932,0.13546072499999998,2000
500,1,task,0.9465,0.005031786462082825,0.08314632500000001,2000
500,1,task_seed,0.949,0.004919298730510276,0.08314765,2000
500,3,task,0.9505,0.004850244839180801,0.06535759166666666,2000
500,3,task_seed,0.9675,0.00396508196636589,0.07185901666666666,2000
500,5,task,0.946,0.005053909377897473,0.06122097499999999,2000
500,5,task_seed,0.959,0.00443390347211123,0.06625628499999996,2000
500,10,task,0.9475,0.004987171041783106,0.05787128,2000
500,10,task_seed,0.957,0.004536022486716751,0.06083078499999999,2000
