n_configs,n_tasks,n_seeds,curse,curse_se,is_truly_best,is_truly_best_se,regret,regret_se,rank_error,rank_error_se,fresh_seed_error,fresh_seed_error_se,fresh_task_error,fresh_task_error_se,extra_runs,extra_cost_frac
3,25,1,0.06337841287836034,0.0026630155229631406,0.452,0.01574623586588058,0.014709764523461644,0.0006237452461247127,0.7363333333333334,0.015309504776185532,0.01309841287836034,0.0028914001130109666,0.00045841287836033694,0.0030597034814787145,25.0,0.3333333333333333
3,25,3,0.035979803328030274,0.0021277468128028986,0.549,0.015743152379585443,0.01142688048026904,0.0005696735046814364,0.6266666666666666,0.015498249943360135,0.011113136661363616,0.002331658702460579,-0.003980196671969721,0.002304860727685634,75.0,0.3333333333333333
3,25,5,0.03117063130451868,0.0020255246267939274,0.561,0.01570113134540074,0.010469531836477504,0.0005392451370471124,0.6003333333333333,0.015915326919805878,0.01394663130451868,0.0020649544232802537,-0.0036373686954813155,0.002193512338886929,125.0,0.3333333333333333
3,25,10,0.02614166790294155,0.0019821970241836497,0.562,0.015697210019694662,0.009745957189950052,0.0005085951214179992,0.5853333333333333,0.01565840445494109,0.01716566790294155,0.0020333562622928893,0.0025136679029415534,0.0021557180963707625,250.0,0.3333333333333333
3,50,1,0.043738596743520416,0.0018546808483716568,0.509,0.015816736995005295,0.012326386860503902,0.000562055174513171,0.6583333333333332,0.015298807075794727,0.006438596743520426,0.0021561927017520067,-0.00012140325647957218,0.002169813689519677,50.0,0.3333333333333333
3,50,3,0.024886655320607357,0.0014719880872259732,0.592,0.015549205052920803,0.008216754093582499,0.00044901204041055006,0.5426666666666667,0.015455188865324902,0.00773998865394069,0.0016005624056866354,-0.000293344679392644,0.0016435054126528017,150.0,0.3333333333333333
3,50,5,0.020089112014463197,0.001483561682122463,0.609,0.015438826294681773,0.007936807318563348,0.0004528510319352344,0.524,0.015380163793900769,0.009017112014463195,0.0015648633920986546,0.000965112014463197,0.0016074506358951547,250.0,0.3333333333333333
3,50,10,0.017788203419850462,0.001394730238785382,0.638,0.015204840912919385,0.006596135255680364,0.00038324195178074925,0.47766666666666663,0.014957437854438562,0.011214203419850462,0.0014202108260380757,-0.002641796580149535,0.001471522314379706,500.0,0.3333333333333333
3,100,1,0.02919167154605045,0.0013605990147004877,0.556,0.01571976816340213,0.010332444706394226,0.0005009555921612548,0.5893333333333333,0.01569285892936442,0.004931671546050455,0.001497743669998235,-0.00036832845394954583,0.0015029347691886586,100.0,0.3333333333333333
3,100,3,0.015562715379352455,0.0011130417277223838,0.64,0.015186527932039985,0.006797323927049463,0.000397635601783514,0.4676666666666666,0.0151974766533778,0.0040893820460191225,0.0011993685489060002,-0.0024806179539808787,0.0011702611946704515,300.0,0.3333333333333333
3,100,5,0.012242455048740499,0.001046618012002275,0.678,0.014782913600996744,0.00515122701314365,0.0003265445583342362,0.42766666666666664,0.014409795201643528,0.005320455048740497,0.0010947281608505177,-0.0014255449512595028,0.0011056272248156193,500.0,0.3333333333333333
3,100,10,0.007918021797687956,0.0009926525825291238,0.737,0.013929286594259776,0.003626905965617689,0.0002560873179708146,0.3426666666666667,0.013518961419925311,0.004766021797687958,0.0010157774135270271,-0.0008129782023120442,0.0010514884303404397,1000.0,0.3333333333333333
3,500,1,0.008103665444894624,0.0006502262054167467,0.725,0.0141270865564905,0.004075012724703015,0.0002754798141627171,0.3636666666666667,0.013874242527677966,0.0007016654448946209,0.0006716261096231168,0.0004756654448946198,0.0006736044610548725,500.0,0.3333333333333333
3,500,3,0.00385328847250813,0.0005260529869044794,0.786,0.012975838021968847,0.0021105700079401242,0.0001792504633313479,0.2596666666666666,0.011866977647734285,0.0014319551391747964,0.0005466617435269011,0.0007572884725081323,0.0005226621325371822,1500.0,0.3333333333333333
3,500,5,0.002077904550908651,0.0005075005554603051,0.842,0.011539894677559635,0.001290635554324532,0.00012122429769993868,0.22966666666666666,0.011320740221344145,0.0007243045509086507,0.0004984893435273096,0.0014407045509086495,0.0004840525199365538,2500.0,0.3333333333333333
3,500,10,0.0016393913490280155,0.0004541538398994159,0.839,0.011628164696727263,0.0013510622779575616,0.00012528429307948554,0.20366666666666663,0.011049272363060221,0.0009175913490280136,0.00046099257059827264,0.000878991349028017,0.0004553258679478188,5000.0,0.3333333333333333
5,25,1,0.08700047126939853,0.0023709536001482704,0.312,0.014658474370509059,0.021448184841198255,0.0007308881056129584,1.3097999999999999,0.016848377602244908,0.01704047126939853,0.003071145519870446,-0.0011595287306014684,0.0030404252835547927,25.0,0.2
5,25,3,0.05308885451320309,0.002090888988271638,0.376,0.015325105508898101,0.015934530214925278,0.0005993981670050862,1.1891999999999998,0.017067356404981256,0.0184488545132031,0.0024110645613700495,-0.0063511454867969065,0.0024873433724310577,75.0,0.2
5,25,5,0.042797552940383274,0.001907885713971523,0.418,0.015605111967541902,0.014833427403702894,0.000619691696859674,1.1034000000000002,0.017096219486211584,0.019637552940383274,0.0020969578849833305,-0.0005064470596167225,0.002147196953953169,125.0,0.2
5,25,10,0.03493470269485533,0.0019441082884994565,0.441,0.01570877989424277,0.01282787557381957,0.0005416533921587795,1.0655999999999999,0.01705249035852029,0.023058702694855333,0.0020080253729316652,0.0006507026948553332,0.0020079740126316414,250.0,0.2
5,50,1,0.055786015822752076,0.0017541913449734719,0.348,0.015070604603768327,0.01716172495407317,0.0006229086025278741,1.2136,0.01700659472864172,0.007826015822752079,0.00219881305121556,-0.0003139841772479224,0.0022318656750079293,50.0,0.2
5,50,3,0.0336288047290469,0.001533490569569786,0.452,0.01574623586588058,0.012644708307165268,0.0005428736957895704,1.0104000000000002,0.01664478563661572,0.011235471395713563,0.0016573396283475375,0.0011421380623802295,0.0015944603894594627,150.0,0.2
5,50,5,0.026439177759585326,0.001416432395863797,0.457,0.0157606915901365,0.012011093770883007,0.0005170482793304685,0.9927999999999999,0.01665850130310844,0.012499177759585325,0.0015131891275458574,-0.002332822240414676,0.00161992083148034,250.0,0.2
5,50,10,0.020680983799192205,0.00135807770267898,0.536,0.015778243024904673,0.008676904234332638,0.00042838058552222724,0.8942,0.015729392034461276,0.013414983799192204,0.001421021325680461,0.0007229837991922024,0.001504229888767584,500.0,0.2
5,100,1,0.036435307592157025,0.0012977218516032072,0.45,0.01574000469338392,0.01278763838870583,0.0005540458947870137,1.057,0.017338154792584232,0.006625307592157026,0.0014963641923198137,0.00047530759215702546,0.001502545708362017,100.0,0.2
5,100,3,0.020194560115734752,0.0010842753246573626,0.539,0.015771104201283043,0.008442541985984058,0.0004199946471053115,0.8536,0.015900310055463062,0.006277893449068083,0.0011757830516674508,-0.00042543988426524783,0.0011847886096227164,300.0,0.2
5,100,5,0.01683933461215112,0.0010394333512520218,0.599,0.01550610974549837,0.007151153052448658,0.00038238331218943644,0.7936,0.015339959398719228,0.00827333461215112,0.0010970521288302,0.00044133461215112025,0.0010985498984307485,500.0,0.2
5,100,10,0.013550101919928555,0.0009948710639332311,0.624,0.015325105508898101,0.005379080076543857,0.0003114107590116838,0.721,0.015243075521408118,0.008593101919928557,0.001000478622689083,0.0008851019199285577,0.0009865417206077638,1000.0,0.2
5,500,1,0.011378153634955847,0.0006309833328633024,0.633,0.015249378464171697,0.005262763355251408,0.0003113379091854587,0.6902,0.01490658130377875,0.001214153634955846,0.0006513286161313508,0.001488153634955847,0.0006616805397982589,500.0,0.2
5,500,3,0.004497072705935398,0.0004949089227182294,0.75,0.013699915608779773,0.002698500083298801,0.00019459037616827065,0.47780000000000006,0.012979816471569837,0.0003744060392687324,0.0005159590731885609,-0.00035559396073126735,0.0005294588621613945,1500.0,0.2
5,500,5,0.004344937459338232,0.0004921133604212626,0.764,0.013434451402438602,0.0020743197635634597,0.00016666612825118468,0.4276000000000001,0.012127048499338383,0.0022961374593382304,0.0004936647667332277,0.0004241374593382291,0.0005002110998508904,2500.0,0.2
5,500,10,0.0022886884295342204,0.00044986821655185693,0.807,0.012486268734370046,0.0013722689571593497,0.0001209844146343136,0.36060000000000003,0.010982178665831668,0.001304888429534221,0.00045307252888483637,-0.00014911157046577838,0.0004680206635619143,5000.0,0.2
10,25,1,0.10724059569366295,0.002248223002883188,0.187,0.012336254828074166,0.027583107939822042,0.000772518015866201,2.6693,0.022266641267001033,0.01504059569366295,0.0029467223284631553,0.002840595693662951,0.0032083927371465886,25.0,0.1
10,25,3,0.06954701311725964,0.001987954951855843,0.281,0.014221154708434942,0.021555071704029514,0.0006897998941407334,2.4286999999999996,0.022381851068605952,0.023200346450592966,0.0022293747822951407,0.0013070131172596363,0.0024060338782177434,75.0,0.1
10,25,5,0.06001138951078265,0.0018776611404046426,0.314,0.014683991951088084,0.01890628318487486,0.0006342093279317683,2.2668999999999997,0.02183188084020754,0.027915389510782658,0.002094121153710769,-0.0017086104892173428,0.0021838015491455524,125.0,0.1
10,25,10,0.04873857631813158,0.0018509650003128266,0.342,0.015008706182121804,0.017095839590640545,0.0005983356641803446,2.1491000000000002,0.02020315216389159,0.03039457631813158,0.0019806459907262867,0.0017625763181315826,0.0021235438071176647,250.0,0.1
10,50,1,0.07437963001719096,0.0017069360773497026,0.253,0.013754278613587126,0.023709884666168878,0.0007243866609429834,2.471,0.0215936399267304,0.0076396300171909645,0.0021740861264666323,0.0024196300171909655,0.0021548188592052865,50.0,0.1
10,50,3,0.044382690608440876,0.0014460310888267712,0.335,0.014933117490932629,0.017039876336225154,0.0006045750498051638,2.1598999999999995,0.022157006181407337,0.013762690608440875,0.0016521002367750664,-0.001597309391559123,0.0016072697022646355,150.0,0.1
10,50,5,0.03173014385244897,0.0013809184858734308,0.369,0.015266698139154782,0.013867221971124862,0.0005265156414484412,1.9826,0.019989417620751657,0.01245814385244897,0.0014975575373896229,-0.002381856147551034,0.0015859326842970545,250.0,0.1
10,50,10,0.029536425543900333,0.0012744938817240603,0.441,0.01570877989424277,0.011831025723432576,0.0004847220405945587,1.8423000000000003,0.020122764115191424,0.01871642554390034,0.0013273817111953573,0.0026804255439003355,0.0014411953122735396,500.0,0.1
10,100,1,0.04636407116631629,0.0011860020743158545,0.322,0.014782913600996744,0.01739913444535788,0.0006095707376631167,2.1647000000000003,0.02099630335927624,0.0036040711663162966,0.0014724576342905592,0.001734071166316297,0.001483015733495447,100.0,0.1
10,100,3,0.027657323994356553,0.0010673769987911209,0.455,0.015755101498347232,0.011146008147354579,0.00046982321909406794,1.77,0.019450921272226116,0.009027323994356554,0.0011454186346660168,7.73239943565539e-05,0.0011483942213765712,300.0,0.1
10,100,5,0.022822116789489207,0.0010220450855145408,0.491,0.015816736995005295,0.009437840026431775,0.0004326961087194192,1.6166999999999998,0.017755178296946398,0.010128116789489211,0.0010666876557780596,0.0010021167894892118,0.001115015316377837,500.0,0.1
10,100,10,0.018321264560544157,0.0010281560812336877,0.52,0.015806639423035177,0.008038077402402862,0.000382360145296079,1.4765,0.017075401000249433,0.013374264560544158,0.0010409959734381153,0.0010782645605441623,0.0009999243272677846,1000.0,0.1
10,500,1,0.015152569588900352,0.0006241257180498456,0.554,0.015726771166750392,0.006788294343949414,0.00034339153269576014,1.4178,0.016648733896015646,0.0022445695889003582,0.0006520332549736239,0.00038256958890035695,0.0006472375744518021,500.0,0.1
10,500,3,0.006437703814640457,0.0005162855816020652,0.666,0.014922019523732927,0.0034431768640115407,0.00020750755882263127,0.9939000000000001,0.014200508598090578,0.0014790371479737917,0.0005183994245076312,-0.0007649628520262083,0.0005072892428658652,1500.0,0.1
10,500,5,0.005193037656589,0.000489181735093988,0.731,0.014029819522568201,0.002435871914605556,0.00017763553980225193,0.878,0.01299711217636152,0.002381437656588999,0.0004920909858448065,-0.0009637623434110015,0.0004775991145103031,2500.0,0.1
10,500,10,0.004536370583930888,0.000450788571617991,0.734,0.013979965645145177,0.002007621789645229,0.00014494970304851753,0.7986,0.012218319333170472,0.002909170583930886,0.00046068030137118895,0.00027857058393088575,0.0004638755378632437,5000.0,0.1
20,25,1,0.13339254734775202,0.0021402797780394616,0.14,0.010978183844357888,0.033588447604663355,0.0007889159071352813,5.425649999999999,0.03048358289844431,0.020792547347752016,0.003008289654632051,-0.00032745265224798213,0.0030342424284503563,25.0,0.05
20,25,3,0.08210074879949547,0.001893424370058191,0.195,0.012535235623319256,0.026113881262224147,0.0007274928707051721,4.84525,0.030034513638637628,0.024860748799495486,0.002163503078129436,0.001367415466162153,0.002230369234247759,75.0,0.05
20,25,5,0.0711415229510756,0.0018162567743319645,0.202,0.01270265158765513,0.024086608240514985,0.000664305036803709,4.5813500000000005,0.029470038355262802,0.0331415229510756,0.00206324939208594,0.0010455229510756001,0.0021665193546044205,125.0,0.05
20,25,10,0.05908188291015571,0.0018455431836257071,0.265,0.013963164754810064,0.020104133394038513,0.0006398982274071918,4.3024,0.02922915639534579,0.037481882910155716,0.001992860043822919,-0.0009701170898442874,0.002092582316678528,250.0,0.05
20,50,1,0.09330868826411597,0.001602292847766934,0.162,0.011657267771304386,0.02962549698997811,0.0007598366197795559,4.95525,0.028597950630775634,0.013228688264115978,0.0021682157871177887,0.000508688264115981,0.002070172708178171,50.0,0.05
20,50,3,0.05335444795028579,0.0014473813998139471,0.239,0.013493000446937704,0.02084147322074627,0.0006211912602049608,4.2316,0.028883571467197416,0.01829444795028578,0.0016702573637555431,-0.0010722187163808865,0.0016105356611087393,150.0,0.05
20,50,5,0.04495353049506485,0.0013753231735640036,0.316,0.014709193056057165,0.017356868695606893,0.0005687863767936957,3.9618500000000005,0.027492324481669522,0.02043353049506485,0.0015179391774299835,0.00033753049506484746,0.0015265186903923676,250.0,0.05
20,50,10,0.03506405541006508,0.0013064447220953058,0.326,0.014830507204541047,0.014527973538589353,0.0004998287280774542,3.6561,0.026391083329020036,0.022384055410065076,0.0013605512479857261,0.0010160554100650798,0.0014595256677603272,500.0,0.05
20,100,1,0.061338531685077975,0.0012137273458107702,0.228,0.013273740700804434,0.02137939124360576,0.0006491099682666404,4.39475,0.02836131699695559,0.008338531685077982,0.0015543799692584988,0.0011085316850779812,0.0014677832077467149,100.0,0.05
20,100,3,0.031428553751564135,0.0010501501532236776,0.339,0.014976758771620222,0.014473216351585712,0.0005166743009956653,3.5521000000000003,0.02465305991886937,0.010225220418230804,0.0011432059269064598,-0.0005814462484358617,0.001159953465849654,300.0,0.05
20,100,5,0.02526816797008267,0.001018953457422904,0.418,0.015605111967541902,0.01162100175362495,0.00045946031043226623,3.2098999999999998,0.02379702267697134,0.011222167970082677,0.0010823999507904053,0.0009981679700826786,0.0010620669749052396,500.0,0.05
20,100,10,0.01906927154748633,0.0009936723169754406,0.48,0.015806639423035177,0.008614030952428454,0.00038822647948331664,2.8861499999999998,0.021891434681455036,0.012327271547486331,0.0010159864493284436,0.00020027154748633537,0.0010236181656124936,1000.0,0.05
20,500,1,0.01785037842363159,0.0005921055993528539,0.471,0.015792669451628764,0.008398971909598863,0.00037091061823967913,2.72655,0.020745915031410173,0.0026043784236316116,0.000657030439481585,-0.0003996215763683869,0.0006704097657926079,500.0,0.05
20,500,3,0.00804635498924538,0.0005124144786799393,0.605,0.01546655146482933,0.004031903189541062,0.00023282055193357391,1.99385,0.01641414334047323,0.0024536883225787123,0.0005423469344361119,0.000635688322578718,0.0005182182813240786,1500.0,0.05
20,500,5,0.006867894512231505,0.00047696584397526894,0.662,0.014965960710224383,0.003185267035898453,0.00019850928487902177,1.77025,0.015276478923767357,0.0031894945122315044,0.0004769731814429561,-6.505487768496243e-06,0.00048181609201693816,2500.0,0.05
20,500,10,0.0040284702843255745,0.00042958295807411654,0.695,0.014566646394664325,0.002413211522971409,0.00016344600136417218,1.5419500000000002,0.013891388273609235,0.002394470284325573,0.00044785886246739365,9.787028432557465e-05,0.00044501447027273924,5000.0,0.05
