Name,GroupId,Chosen Project (name),Login ID,SIS ID,Course,Chosen Project,Project Type,Team,Choice 1,Choice 1,Choice 2,Choice 2,Choice 3,Choice 3,Preferred Name,GitHub Username,Personal Email,Timestamp,Note
Mason Lam,1,Luigi_Project_Description.md,mlam123,123259156,DATA605: Big Data System,1,Small Research Projects,Individual,Luigi_Project_Description.md,https://github.com/gpsaggese/gpsaggese.github.io/blob/master/class_project/project_descriptions/DATA605/Luigi_Project_Description.md,pandas-etl_Project_Description.md,https://github.com/gpsaggese/gpsaggese.github.io/blob/master/class_project/project_descriptions/DATA605/pandas-etl_Project_Description.md,Mailchimp_Marketing_Project_Description.md,https://github.com/gpsaggese/gpsaggese.github.io/blob/master/class_project/project_descriptions/DATA605/Mailchimp_Marketing_Project_Description.md,Mason,masonlam154,masonlam154@gmail.com,9/20/2026 22:26:30,
Adrian Rios,2,TinyDB_Project_Description.md,arios7,123252492,DATA605: Big Data System,1,"Tutorials: ""Learn X in 60 Minutes"" / ""Build X with Y""",Individual,TinyDB_Project_Description.md,https://github.com/gpsaggese/gpsaggese.github.io/blob/master/class_project/project_descriptions/DATA605/TinyDB_Project_Description.md,streamlit_Project_Description.md,https://github.com/gpsaggese/gpsaggese.github.io/blob/master/class_project/project_descriptions/DATA605/streamlit_Project_Description.md,pytracking_Project_Description.md,https://github.com/gpsaggese/gpsaggese.github.io/blob/master/class_project/project_descriptions/DATA605/pytracking_Project_Description.md,Adrian,aggravateexe,riosadrian5027@gmail.com,9/19/2026 16:38:59,
Aman Deva,3,DuckDB_Project_Description.md,adeva,123204156,DATA605: Big Data System,1,"Tutorials: ""Learn X in 60 Minutes"" / ""Build X with Y""",Individual,DuckDB (new topic),DuckDB (new topic),Polars (new topic),Polars (new topic),Apache Kafka,Apache Kafka,Aman,amandeva04,amandeva04@gmail.com,9/22/2026 17:26:05,
Aminah Yizar (they),4,Snorkel_Project_Description.md,ayizar,116059732,DATA605: Big Data System,1,Small Research Projects,Individual,Snorkel_Project_Description.md,https://github.com/gpsaggese/gpsaggese.github.io/blob/master/class_project/project_descriptions/DATA605/Snorkel_Project_Description.md,TinyDB_Project_Description.md,https://github.com/gpsaggese/gpsaggese.github.io/blob/master/class_project/project_descriptions/DATA605/TinyDB_Project_Description.md,tsfresh_Project_Description.md,https://github.com/gpsaggese/gpsaggese.github.io/blob/master/class_project/project_descriptions/DATA605/tsfresh_Project_Description.md,Amari,ayizar,ayizar321@gmail.com,9/22/2026 19:41:06,
Dana Louie,5,AutoKeras_Project_Description.md,dlouie,113388668,DATA605: Big Data System,1,"Tutorials: ""Learn X in 60 Minutes"" / ""Build X with Y""",Individual,AutoKeras_Project_Description.md,https://github.com/gpsaggese/gpsaggese.github.io/blob/master/class_project/project_descriptions/DATA605/AutoKeras_Project_Description.md,AutoGluon_Project_Description.md,https://github.com/gpsaggese/gpsaggese.github.io/blob/master/class_project/project_descriptions/DATA605/AutoGluon_Project_Description.md,FLAML_Project_Description.md,https://github.com/gpsaggese/gpsaggese.github.io/blob/master/class_project/project_descriptions/DATA605/FLAML_Project_Description.md,Dana,danalouie,danalouie07@gmail.com,9/22/2026 17:28:17,
Hollie Sacks (she/they),6,NetworkX_Project_Description.md,hmarch,119452967,DATA605: Big Data System,1,"Tutorials: ""Learn X in 60 Minutes"" / ""Build X with Y""",Individual,NetworkX_Project_Description.md,https://github.com/gpsaggese/gpsaggese.github.io/blob/master/class_project/project_descriptions/DATA605/NetworkX_Project_Description.md,DoWhy_Project_Description.md,https://github.com/gpsaggese/gpsaggese.github.io/blob/master/class_project/project_descriptions/MSML610/DoWhy_Project_Description.md,CausalNex_Project_Description.md,https://github.com/gpsaggese/gpsaggese.github.io/blob/master/class_project/project_descriptions/MSML610/CausalNex_Project_Description.md,Hollie,umdHSacks,holliesacks@gmail.com,9/24/2026 9:34:33,
Caleb McDaniel,7,draft.Measure_ability_to_predict_events.md,cmcdani2,121296870,DATA605: Big Data System,2,Small Research Projects,Individual,in_progress.RL_for_auto_EDA.md,https://github.com/gpsaggese/gpsaggese.github.io/blob/master/research/ideas/in_progress.RL_for_auto_EDA.md,draft.Measure_ability_to_predict_events.md,https://github.com/gpsaggese/gpsaggese.github.io/blob/master/research/ideas/draft.Measure_ability_to_predict_events.md,draft.How_alpha_evolve.md,https://github.com/gpsaggese/gpsaggese.github.io/blob/master/research/ideas/draft.How_alpha_evolve.md,Caleb,cmcdaniel2,calebmcdaniel2005@gmail.com,9/23/2026 19:52:38,AutoEDA
Brandon Wilson,,,bzwilson,122112421,,,,,,,,,,,,,,,
Gladdie Huang,,,ghuang13,122330603,,,,,,,,,,,,,,,
